County,Name,State,District,Division
1001,Autauga,AL,SAM,SAD
1003,Baldwin,AL,SAM,SAD
1005,Barbour,AL,SAM,SAD
1007,Bibb,AL,SAM,SAD
1009,Blount,AL,SAM,SAD
1011,Bullock,AL,SAM,SAD
1013,Butler,AL,SAM,SAD
1015,Calhoun,AL,SAM,SAD
1017,Chambers,AL,SAM,SAD
1019,Cherokee,AL,SAM,SAD
1021,Chilton,AL,SAM,SAD
1023,Choctaw,AL,SAM,SAD
1025,Clarke,AL,SAM,SAD
1027,Clay,AL,SAM,SAD
1029,Cleburne,AL,SAM,SAD
1031,Coffee,AL,SAM,SAD
1033,Colbert,AL,LRN,GLD
1035,Conecuh,AL,SAM,SAD
1037,Coosa,AL,SAM,SAD
1039,Covington,AL,SAM,SAD
1041,Crenshaw,AL,SAM,SAD
1043,Cullman,AL,SAM,SAD
1045,Dale,AL,SAM,GLD
1047,Dallas,AL,SAM,SAD
1049,DeKalb,AL,SAM,SAD
1051,Elmore,AL,SAM,SAD
1053,Escambia,AL,SAM,SAD
1055,Etowah,AL,SAM,SAD
1057,Fayette,AL,SAM,SAD
1059,Franklin,AL,LRN,GLD
1061,Geneva,AL,SAM,SAD
1063,Greene,AL,SAM,SAD
1065,Hale,AL,SAM,SAD
1067,Henry,AL,SAM,SAD
1069,Houston,AL,SAM,SAD
1071,Jackson,AL,SAM,SAD
1073,Jefferson,AL,SAM,SAD
1075,Lamar,AL,SAM,SAD
1077,Lauderdale,AL,LRN,GLD
1079,Lawrence,AL,LRN,GLD
1081,Lee,AL,SAM,SAD
1083,Limestone,AL,LRN,SAD
1085,Lowndes,AL,SAM,SAD
1087,Macon,AL,SAM,SAD
1089,Madison,AL,LRN,GLD
1091,Marengo,AL,SAM,SAD
1093,Marion,AL,SAM,SAD
1095,Marshall,AL,SAM,GLD
1097,Mobile,AL,SAM,SAD
1099,Monroe,AL,SAM,SAD
1101,Montgomery,AL,SAM,SAD
1103,Morgan,AL,LRN,GLD
1105,Perry,AL,SAM,SAD
1107,Pickens,AL,SAM,SAD
1109,Pike,AL,SAM,SAD
1111,Randolph,AL,SAM,SAD
1113,Russell,AL,SAM,SAD
1115,St. Clair,AL,SAM,SAD
1117,Shelby,AL,SAM,SAD
1119,Sumter,AL,SAM,SAD
1121,Talladega,AL,SAM,SAD
1123,Tallapoosa,AL,SAM,SAD
1125,Tuscaloosa,AL,SAM,SAD
1127,Walker,AL,SAM,SAD
1129,Washington,AL,SAM,SAD
1131,Wilcox,AL,SAM,SAD
1133,Winston,AL,SAM,SAD
4001,Apache,AZ,SPL,SPD
4003,Cochise,AZ,SPL,SPD
4005,Coconino,AZ,SPL,SPD
4007,Gila,AZ,SPL,SPD
4009,Graham,AZ,SPL,SPD
4011,Greenlee,AZ,SPL,SPD
4012,La Paz,AZ,SPL,SPD
4013,Maricopa,AZ,SPL,SPD
4015,Mohave,AZ,SPL,SPD
4017,Navajo,AZ,SPL,SPD
4019,Pima,AZ,SPL,SPD
4021,Pinal,AZ,SPL,SPD
4023,Santa Cruz,AZ,SPL,SPD
4025,Yavapai,AZ,SPL,SPD
4027,Yuma,AZ,SPL,SPD
5001,Arkansas,AR,MVM,MVD
5003,Ashley,AR,MVM,MVD
5005,Baxter,AR,SWL,SWD
5007,Benton,AR,SWL,SWD
5009,Boone,AR,SWL,SWD
5011,Bradley,AR,MVM,MVD
5013,Calhoun,AR,MVM,MVD
5015,Carroll,AR,SWL,SWD
5017,Chicot,AR,MVM,MVD
5019,Clark,AR,MVM,MVD
5021,Clay,AR,MVM,MVD
5023,Cleburne,AR,SWL,SWD
5025,Cleveland,AR,MVM,MVD
5027,Columbia,AR,MVM,MVD
5029,Conway,AR,SWL,SWD
5031,Craighead,AR,MVM,MVD
5033,Crawford,AR,SWL,SWD
5035,Crittenden,AR,MVM,MVD
5037,Cross,AR,MVM,MVD
5039,Dallas,AR,MVM,MVD
5041,Desha,AR,MVM,MVD
5043,Drew,AR,MVM,MVD
5045,Faulkner,AR,SWL,SWD
5047,Franklin,AR,SWL,SWD
5049,Fulton,AR,SWL,SWD
5051,Garland,AR,SWL,MVD
5053,Grant,AR,SWL,MVD
5055,Greene,AR,MVM,MVD
5057,Hempstead,AR,MVM,MVD
5059,Hot Spring,AR,SWL,MVD
5061,Howard,AR,MVM,SWD
5063,Independence,AR,MVM,SWD
5065,Izard,AR,SWL,SWD
5067,Jackson,AR,MVM,SWD
5069,Jefferson,AR,MVM,MVD
5071,Johnson,AR,SWL,SWD
5073,Lafayette,AR,MVM,MVD
5075,Lawrence,AR,MVM,SWD
5077,Lee,AR,MVM,MVD
5079,Lincoln,AR,MVM,MVD
5081,Little River,AR,MVM,SWD
5083,Logan,AR,SWL,SWD
5085,Lonoke,AR,MVM,MVD
5087,Madison,AR,SWL,SWD
5089,Marion,AR,SWL,SWD
5091,Miller,AR,MVM,MVD
5093,Mississippi,AR,MVM,MVD
5095,Monroe,AR,MVM,MVD
5097,Montgomery,AR,MVM,MVD
5099,Nevada,AR,MVM,MVD
5101,Newton,AR,SWL,SWD
5103,Ouachita,AR,MVM,MVD
5105,Perry,AR,SWL,SWD
5107,Phillips,AR,MVM,MVD
5109,Pike,AR,MVM,MVD
5111,Poinsett,AR,MVM,MVD
5113,Polk,AR,SWL,SWD
5115,Pope,AR,SWL,SWD
5117,Prairie,AR,MVM,MVD
5119,Pulaski,AR,SWL,SWD
5121,Randolph,AR,MVM,SWD
5123,St. Francis,AR,MVM,MVD
5125,Saline,AR,SWL,MVD
5127,Scott,AR,SWL,SWD
5129,Searcy,AR,SWL,SWD
5131,Sebastian,AR,SWL,SWD
5133,Sevier,AR,MVM,SWD
5135,Sharp,AR,SWL,SWD
5137,Stone,AR,SWL,SWD
5139,Union,AR,MVM,MVD
5141,Van Buren,AR,SWL,SWD
5143,Washington,AR,SWL,SWD
5145,White,AR,MVM,SWD
5147,Woodruff,AR,MVM,MVD
5149,Yell,AR,SWL,SWD
6001,Alameda,CA,SPN,SPD
6003,Alpine,CA,SPK,SPD
6005,Amador,CA,SPK,SPD
6007,Butte,CA,SPK,SPD
6009,Calaveras,CA,SPK,SPD
6011,Colusa,CA,SPK,SPD
6013,Contra Costa,CA,SPN,SPD
6015,Del Norte,CA,SPN,SPD
6017,El Dorado,CA,SPK,SPD
6019,Fresno,CA,SPK,SPD
6021,Glenn,CA,SPK,SPD
6023,Humboldt,CA,SPN,SPD
6025,Imperial,CA,SPL,SPD
6027,Inyo,CA,SPL,SPD
6029,Kern,CA,SPK,SPD
6031,Kings,CA,SPK,SPD
6033,Lake,CA,SPK,SPD
6035,Lassen,CA,SPK,SPD
6037,Los Angeles,CA,SPL,SPD
6039,Madera,CA,SPK,SPD
6041,Marin,CA,SPN,SPD
6043,Mariposa,CA,SPK,SPD
6045,Mendocino,CA,SPN,SPD
6047,Merced,CA,SPK,SPD
6049,Modoc,CA,SPK,SPD
6051,Mono,CA,SPL,SPD
6053,Monterey,CA,SPN,SPD
6055,Napa,CA,SPN,SPD
6057,Nevada,CA,SPK,SPD
6059,Orange,CA,SPL,SPD
6061,Placer,CA,SPK,SPD
6063,Plumas,CA,SPK,SPD
6065,Riverside,CA,SPL,SPD
6067,Sacramento,CA,SPK,SPD
6069,San Benito,CA,SPN,SPD
6071,San Bernardino,CA,SPL,SPD
6073,San Diego,CA,SPL,SPD
6075,San Francisco,CA,SPN,SPD
6077,San Joaquin,CA,SPK,SPD
6079,San Luis Obispo,CA,SPN,SPD
6081,San Mateo,CA,SPN,SPD
6083,Santa Barbara,CA,SPL,SPD
6085,Santa Clara,CA,SPN,SPD
6087,Santa Cruz,CA,SPN,SPD
6089,Shasta,CA,SPK,SPD
6091,Sierra,CA,SPK,SPD
6093,Siskiyou,CA,SPN,SPD
6095,Solano,CA,SPK,SPD
6097,Sonoma,CA,SPN,SPD
6099,Stanislaus,CA,SPK,SPD
6101,Sutter,CA,SPK,SPD
6103,Tehama,CA,SPK,SPD
6105,Trinity,CA,SPN,SPD
6107,Tulare,CA,SPK,SPD
6109,Tuolumne,CA,SPK,SPD
6111,Ventura,CA,SPL,SPD
6113,Yolo,CA,SPK,SPD
6115,Yuba,CA,SPK,SPD
8001,Adams,CO,NWO,NWD
8003,Alamosa,CO,SPA,SPD
8005,Arapahoe,CO,NWO,NWD
8007,Archuleta,CO,SPK,SPD
8009,Baca,CO,SPA,SPD
8011,Bent,CO,SPA,SPD
8013,Boulder,CO,NWO,NWD
8014,Broomfield,CO,NWO,NWD
8015,Chaffee,CO,SPA,SPD
8017,Cheyenne,CO,SPA,SPD
8019,Clear Creek,CO,NWO,NWD
8021,Conejos,CO,SPA,SPD
8023,Costilla,CO,SPA,SPD
8025,Crowley,CO,SPA,SPD
8027,Custer,CO,SPA,SPD
8029,Delta,CO,SPK,SPD
8031,Denver,CO,NWO,NWD
8033,Dolores,CO,SPK,SPD
8035,Douglas,CO,NWO,NWD
8037,Eagle,CO,SPK,SPD
8039,Elbert,CO,NWO,NWD
8041,El Paso,CO,SPA,SPD
8043,Fremont,CO,SPA,SPD
8045,Garfield,CO,SPK,SPD
8047,Gilpin,CO,NWO,NWD
8049,Grand,CO,SPK,SPD
8051,Gunnison,CO,SPK,SPD
8053,Hinsdale,CO,SPA,SPD
8055,Huerfano,CO,SPA,SPD
8057,Jackson,CO,NWO,NWD
8059,Jefferson,CO,NWO,NWD
8061,Kiowa,CO,SPA,SPD
8063,Kit Carson,CO,NWK,NWD
8065,Lake,CO,SPA,SPD
8067,La Plata,CO,SPK,SPD
8069,Larimer,CO,NWO,NWD
8071,Las Animas,CO,SPA,SPD
8073,Lincoln,CO,SPA,SPD
8075,Logan,CO,NWO,NWD
8077,Mesa,CO,SPK,SPD
8079,Mineral,CO,SPA,SPD
8081,Moffat,CO,SPK,SPD
8083,Montezuma,CO,SPK,SPD
8085,Montrose,CO,SPK,SPD
8087,Morgan,CO,NWO,NWD
8089,Otero,CO,SPA,SPD
8091,Ouray,CO,SPK,SPD
8093,Park,CO,NWO,NWD
8095,Phillips,CO,NWK,NWD
8097,Pitkin,CO,SPK,SPD
8099,Prowers,CO,SPA,SPD
8101,Pueblo,CO,SPA,SPD
8103,Rio Blanco,CO,SPK,SPD
8105,Rio Grande,CO,SPA,SPD
8107,Routt,CO,SPK,SPD
8109,Saguache,CO,SPA,SPD
8111,San Juan,CO,SPK,SPD
8113,San Miguel,CO,SPK,SPD
8115,Sedgwick,CO,NWK,NWD
8117,Summit,CO,SPK,SPD
8119,Teller,CO,NWO,NWD
8121,Washington,CO,NWK,NWD
8123,Weld,CO,NWO,NWD
8125,Yuma,CO,NWK,NWD
9001,Fairfield,CT,NAE,NAD
9003,Hartford,CT,NAE,NAD
9005,Litchfield,CT,NAE,NAD
9007,Middlesex,CT,NAE,NAD
9009,New Haven,CT,NAE,NAD
9011,New London,CT,NAE,NAD
9013,Tolland,CT,NAE,NAD
9015,Windham,CT,NAE,NAD
10001,Kent,DE,NAP,NAD
10003,New Castle,DE,NAP,NAD
10005,Sussex,DE,NAP,NAD
11001,District of Columbia,DC,NAB,NAD
12001,Alachua,FL,SAJ,SAD
12003,Baker,FL,SAJ,SAD
12005,Bay,FL,SAM,SAD
12007,Bradford,FL,SAJ,SAD
12009,Brevard,FL,SAJ,SAD
12011,Broward,FL,SAJ,SAD
12013,Calhoun,FL,SAM,SAD
12015,Charlotte,FL,SAJ,SAD
12017,Citrus,FL,SAJ,SAD
12019,Clay,FL,SAJ,SAD
12021,Collier,FL,SAJ,SAD
12023,Columbia,FL,SAJ,SAD
12027,DeSoto,FL,SAJ,SAD
12029,Dixie,FL,SAJ,SAD
12031,Duval,FL,SAJ,SAD
12033,Escambia,FL,SAM,SAD
12035,Flagler,FL,SAJ,SAD
12037,Franklin,FL,SAM,SAD
12039,Gadsden,FL,SAM,SAD
12041,Gilchrist,FL,SAJ,SAD
12043,Glades,FL,SAJ,SAD
12045,Gulf,FL,SAM,SAD
12047,Hamilton,FL,SAJ,SAD
12049,Hardee,FL,SAJ,SAD
12051,Hendry,FL,SAJ,SAD
12053,Hernando,FL,SAJ,SAD
12055,Highlands,FL,SAJ,SAD
12057,Hillsborough,FL,SAJ,SAD
12059,Holmes,FL,SAM,SAD
12061,Indian River,FL,SAJ,SAD
12063,Jackson,FL,SAM,SAD
12065,Jefferson,FL,SAM,SAD
12067,Lafayette,FL,SAJ,SAD
12069,Lake,FL,SAJ,SAD
12071,Lee,FL,SAJ,SAD
12073,Leon,FL,SAM,SAD
12075,Levy,FL,SAJ,SAD
12077,Liberty,FL,SAM,SAD
12079,Madison,FL,SAJ,SAD
12081,Manatee,FL,SAJ,SAD
12083,Marion,FL,SAJ,SAD
12085,Martin,FL,SAJ,SAD
12086,Miami-Dade,FL,SAJ,SAD
12087,Monroe,FL,SAJ,SAD
12089,Nassau,FL,SAJ,SAD
12091,Okaloosa,FL,SAM,SAD
12093,Okeechobee,FL,SAJ,SAD
12095,Orange,FL,SAJ,SAD
12097,Osceola,FL,SAJ,SAD
12099,Palm Beach,FL,SAJ,SAD
12101,Pasco,FL,SAJ,SAD
12103,Pinellas,FL,SAJ,SAD
12105,Polk,FL,SAJ,SAD
12107,Putnam,FL,SAJ,SAD
12109,St. Johns,FL,SAJ,SAD
12111,St. Lucie,FL,SAJ,SAD
12113,Santa Rosa,FL,SAM,SAD
12115,Sarasota,FL,SAJ,SAD
12117,Seminole,FL,SAJ,SAD
12119,Sumter,FL,SAJ,SAD
12121,Suwannee,FL,SAJ,SAD
12123,Taylor,FL,SAJ,SAD
12125,Union,FL,SAJ,SAD
12127,Volusia,FL,SAJ,SAD
12129,Wakulla,FL,SAM,SAD
12131,Walton,FL,SAM,SAD
12133,Washington,FL,SAM,SAD
13001,Appling,GA,SAS,SAD
13003,Atkinson,GA,SAJ,SAD
13005,Bacon,GA,SAS,SAD
13007,Baker,GA,SAM,SAD
13009,Baldwin,GA,SAS,SAD
13011,Banks,GA,SAS,SAD
13013,Barrow,GA,SAM,SAD
13015,Bartow,GA,SAM,SAD
13017,Ben Hill,GA,SAJ,SAD
13019,Berrien,GA,SAJ,SAD
13021,Bibb,GA,SAS,SAD
13023,Bleckley,GA,SAS,SAD
13025,Brantley,GA,SAS,SAD
13027,Brooks,GA,SAJ,SAD
13029,Bryan,GA,SAS,SAD
13031,Bulloch,GA,SAS,SAD
13033,Burke,GA,SAS,SAD
13035,Butts,GA,SAS,SAD
13037,Calhoun,GA,SAM,SAD
13039,Camden,GA,SAS,SAD
13043,Candler,GA,SAS,SAD
13045,Carroll,GA,SAM,SAD
13047,Catoosa,GA,SAM,GLD
13049,Charlton,GA,SAS,SAD
13051,Chatham,GA,SAS,SAD
13053,Chattahoochee,GA,SAM,SAD
13055,Chattooga,GA,SAM,SAD
13057,Cherokee,GA,SAM,SAD
13059,Clarke,GA,SAM,SAD
13061,Clay,GA,SAM,SAD
13063,Clayton,GA,SAM,SAD
13065,Clinch,GA,SAJ,SAD
13067,Cobb,GA,SAM,SAD
13069,Coffee,GA,SAJ,SAD
13071,Colquitt,GA,SAJ,SAD
13073,Columbia,GA,SAS,SAD
13075,Cook,GA,SAJ,SAD
13077,Coweta,GA,SAM,SAD
13079,Crawford,GA,SAS,SAD
13081,Crisp,GA,SAJ,SAD
13083,Dade,GA,SAM,GLD
13085,Dawson,GA,SAM,SAD
13087,Decatur,GA,SAM,SAD
13089,DeKalb,GA,SAM,SAD
13091,Dodge,GA,SAS,SAD
13093,Dooly,GA,SAJ,SAD
13095,Dougherty,GA,SAM,SAD
13097,Douglas,GA,SAM,SAD
13099,Early,GA,SAM,SAD
13101,Echols,GA,SAJ,SAD
13103,Effingham,GA,SAS,SAD
13105,Elbert,GA,SAS,SAD
13107,Emanuel,GA,SAS,SAD
13109,Evans,GA,SAS,SAD
13111,Fannin,GA,SAM,GLD
13113,Fayette,GA,SAM,SAD
13115,Floyd,GA,SAM,SAD
13117,Forsyth,GA,SAM,SAD
13119,Franklin,GA,SAS,SAD
13121,Fulton,GA,SAM,SAD
13123,Gilmer,GA,SAM,SAD
13125,Glascock,GA,SAS,SAD
13127,Glynn,GA,SAS,SAD
13129,Gordon,GA,SAM,SAD
13131,Grady,GA,SAM,SAD
13133,Greene,GA,SAS,SAD
13135,Gwinnett,GA,SAM,SAD
13137,Habersham,GA,SAS,SAD
13139,Hall,GA,SAM,SAD
13141,Hancock,GA,SAS,SAD
13143,Haralson,GA,SAM,SAD
13145,Harris,GA,SAM,SAD
13147,Hart,GA,SAS,SAD
13149,Heard,GA,SAM,SAD
13151,Henry,GA,SAM,SAD
13153,Houston,GA,SAS,SAD
13155,Irwin,GA,SAJ,SAD
13157,Jackson,GA,SAM,SAD
13159,Jasper,GA,SAS,SAD
13161,Jeff Davis,GA,SAJ,SAD
13163,Jefferson,GA,SAS,SAD
13165,Jenkins,GA,SAS,SAD
13167,Johnson,GA,SAS,SAD
13169,Jones,GA,SAS,SAD
13171,Lamar,GA,SAM,SAD
13173,Lanier,GA,SAJ,SAD
13175,Laurens,GA,SAS,SAD
13177,Lee,GA,SAM,SAD
13179,Liberty,GA,SAS,SAD
13181,Lincoln,GA,SAS,SAD
13183,Long,GA,SAS,SAD
13185,Lowndes,GA,SAJ,SAD
13187,Lumpkin,GA,SAM,SAD
13189,McDuffie,GA,SAS,SAD
13191,McIntosh,GA,SAS,SAD
13193,Macon,GA,SAM,SAD
13195,Madison,GA,SAS,SAD
13197,Marion,GA,SAM,SAD
13199,Meriwether,GA,SAM,SAD
13201,Miller,GA,SAM,SAD
13205,Mitchell,GA,SAM,SAD
13207,Monroe,GA,SAS,SAD
13209,Montgomery,GA,SAS,SAD
13211,Morgan,GA,SAS,SAD
13213,Murray,GA,SAM,SAD
13215,Muscogee,GA,SAM,SAD
13217,Newton,GA,SAS,SAD
13219,Oconee,GA,SAM,SAD
13221,Oglethorpe,GA,SAS,SAD
13223,Paulding,GA,SAM,SAD
13225,Peach,GA,SAS,SAD
13227,Pickens,GA,SAM,SAD
13229,Pierce,GA,SAS,SAD
13231,Pike,GA,SAM,SAD
13233,Polk,GA,SAM,SAD
13235,Pulaski,GA,SAS,SAD
13237,Putnam,GA,SAS,SAD
13239,Quitman,GA,SAM,SAD
13241,Rabun,GA,SAS,SAD
13243,Randolph,GA,SAM,SAD
13245,Richmond,GA,SAS,SAD
13247,Rockdale,GA,SAS,SAD
13249,Schley,GA,SAM,SAD
13251,Screven,GA,SAS,SAD
13253,Seminole,GA,SAM,SAD
13255,Spalding,GA,SAM,SAD
13257,Stephens,GA,SAS,SAD
13259,Stewart,GA,SAM,SAD
13261,Sumter,GA,SAM,SAD
13263,Talbot,GA,SAM,SAD
13265,Taliaferro,GA,SAS,SAD
13267,Tattnall,GA,SAS,SAD
13269,Taylor,GA,SAM,SAD
13271,Telfair,GA,SAJ,SAD
13273,Terrell,GA,SAM,SAD
13275,Thomas,GA,SAM,SAD
13277,Tift,GA,SAJ,SAD
13279,Toombs,GA,SAS,SAD
13281,Towns,GA,SAM,GLD
13283,Treutlen,GA,SAS,SAD
13285,Troup,GA,SAM,SAD
13287,Turner,GA,SAJ,SAD
13289,Twiggs,GA,SAS,SAD
13291,Union,GA,SAM,GLD
13293,Upson,GA,SAM,SAD
13295,Walker,GA,SAM,GLD
13297,Walton,GA,SAM,SAD
13299,Ware,GA,SAS,SAD
13301,Warren,GA,SAS,SAD
13303,Washington,GA,SAS,SAD
13305,Wayne,GA,SAS,SAD
13307,Webster,GA,SAM,SAD
13309,Wheeler,GA,SAS,SAD
13311,White,GA,SAM,SAD
13313,Whitfield,GA,SAM,SAD
13315,Wilcox,GA,SAJ,SAD
13317,Wilkes,GA,SAS,SAD
13319,Wilkinson,GA,SAS,SAD
13321,Worth,GA,SAJ,SAD
16001,Ada,ID,NWW,NWD
16003,Adams,ID,NWW,NWD
16005,Bannock,ID,NWW,NWD
16007,Bear Lake,ID,NWW,SPD
16009,Benewah,ID,NWS,NWD
16011,Bingham,ID,NWW,NWD
16013,Blaine,ID,NWW,NWD
16015,Boise,ID,NWW,NWD
16017,Bonner,ID,NWS,NWD
16019,Bonneville,ID,NWW,NWD
16021,Boundary,ID,NWS,NWD
16023,Butte,ID,NWW,NWD
16025,Camas,ID,NWW,NWD
16027,Canyon,ID,NWW,NWD
16029,Caribou,ID,NWW,NWD
16031,Cassia,ID,NWW,NWD
16033,Clark,ID,NWW,NWD
16035,Clearwater,ID,NWW,NWD
16037,Custer,ID,NWW,NWD
16039,Elmore,ID,NWW,NWD
16041,Franklin,ID,NWW,SPD
16043,Fremont,ID,NWW,NWD
16045,Gem,ID,NWW,NWD
16047,Gooding,ID,NWW,NWD
16049,Idaho,ID,NWW,NWD
16051,Jefferson,ID,NWW,NWD
16053,Jerome,ID,NWW,NWD
16055,Kootenai,ID,NWS,NWD
16057,Latah,ID,NWW,NWD
16059,Lemhi,ID,NWW,NWD
16061,Lewis,ID,NWW,NWD
16063,Lincoln,ID,NWW,NWD
16065,Madison,ID,NWW,NWD
16067,Minidoka,ID,NWW,NWD
16069,Nez Perce,ID,NWW,NWD
16071,Oneida,ID,NWW,SPD
16073,Owyhee,ID,NWW,NWD
16075,Payette,ID,NWW,NWD
16077,Power,ID,NWW,NWD
16079,Shoshone,ID,NWW,NWD
16081,Teton,ID,NWW,NWD
16083,Twin Falls,ID,NWW,NWD
16085,Valley,ID,NWW,NWD
16087,Washington,ID,NWW,NWD
17001,Adams,IL,MVR,MVD
17003,Alexander,IL,MVR,MVD
17005,Bond,IL,MVR,MVD
17007,Boone,IL,LRC,MVD
17009,Brown,IL,MVR,MVD
17011,Bureau,IL,MVR,MVD
17013,Calhoun,IL,MVR,MVD
17015,Carroll,IL,MVR,MVD
17017,Cass,IL,MVR,MVD
17019,Champaign,IL,MVR,GLD
17021,Christian,IL,MVR,MVD
17023,Clark,IL,LRL,GLD
17025,Clay,IL,LRL,GLD
17027,Clinton,IL,MVR,MVD
17029,Coles,IL,LRL,GLD
17031,Cook,IL,LRC,GLD
17033,Crawford,IL,LRL,GLD
17035,Cumberland,IL,LRL,GLD
17037,DeKalb,IL,LRC,MVD
17039,De Witt,IL,MVR,MVD
17041,Douglas,IL,LRL,GLD
17043,DuPage,IL,LRC,GLD
17045,Edgar,IL,LRL,GLD
17047,Edwards,IL,LRL,GLD
17049,Effingham,IL,LRL,GLD
17051,Fayette,IL,LRL,MVD
17053,Ford,IL,MVR,MVD
17055,Franklin,IL,LRL,MVD
17057,Fulton,IL,MVR,MVD
17059,Gallatin,IL,LRL,GLD
17061,Greene,IL,MVR,MVD
17063,Grundy,IL,LRC,MVD
17065,Hamilton,IL,LRL,GLD
17067,Hancock,IL,MVR,MVD
17069,Hardin,IL,LRL,GLD
17071,Henderson,IL,MVR,MVD
17073,Henry,IL,MVR,MVD
17075,Iroquois,IL,MVR,MVD
17077,Jackson,IL,MVR,MVD
17079,Jasper,IL,LRL,GLD
17081,Jefferson,IL,LRL,MVD
17083,Jersey,IL,MVR,MVD
17085,Jo Daviess,IL,MVR,MVD
17087,Johnson,IL,MVR,GLD
17089,Kane,IL,LRC,GLD
17091,Kankakee,IL,MVR,MVD
17093,Kendall,IL,LRC,MVD
17095,Knox,IL,MVR,MVD
17097,Lake,IL,LRC,GLD
17099,LaSalle,IL,LRC,MVD
17101,Lawrence,IL,LRL,GLD
17103,Lee,IL,MVR,MVD
17105,Livingston,IL,MVR,MVD
17107,Logan,IL,MVR,MVD
17109,McDonough,IL,MVR,MVD
17111,McHenry,IL,LRC,GLD
17113,McLean,IL,MVR,MVD
17115,Macon,IL,MVR,MVD
17117,Macoupin,IL,MVR,MVD
17119,Madison,IL,MVR,MVD
17121,Marion,IL,LRL,MVD
17123,Marshall,IL,MVR,MVD
17125,Mason,IL,MVR,MVD
17127,Massac,IL,LRL,GLD
17129,Menard,IL,MVR,MVD
17131,Mercer,IL,MVR,MVD
17133,Monroe,IL,MVR,MVD
17135,Montgomery,IL,MVR,MVD
17137,Morgan,IL,MVR,MVD
17139,Moultrie,IL,LRL,MVD
17141,Ogle,IL,MVR,MVD
17143,Peoria,IL,MVR,MVD
17145,Perry,IL,MVR,MVD
17147,Piatt,IL,MVR,MVD
17149,Pike,IL,MVR,MVD
17151,Pope,IL,LRL,GLD
17153,Pulaski,IL,MVR,MVD
17155,Putnam,IL,MVR,MVD
17157,Randolph,IL,MVR,MVD
17159,Richland,IL,LRL,GLD
17161,Rock Island,IL,MVR,MVD
17163,St. Clair,IL,MVR,MVD
17165,Saline,IL,LRL,GLD
17167,Sangamon,IL,MVR,MVD
17169,Schuyler,IL,MVR,MVD
17171,Scott,IL,MVR,MVD
17173,Shelby,IL,LRL,MVD
17175,Stark,IL,MVR,MVD
17177,Stephenson,IL,MVR,MVD
17179,Tazewell,IL,MVR,MVD
17181,Union,IL,MVR,GLD
17183,Vermilion,IL,MVR,GLD
17185,Wabash,IL,LRL,GLD
17187,Warren,IL,MVR,MVD
17189,Washington,IL,MVR,MVD
17191,Wayne,IL,LRL,GLD
17193,White,IL,LRL,GLD
17195,Whiteside,IL,MVR,MVD
17197,Will,IL,LRC,GLD
17199,Williamson,IL,LRL,MVD
17201,Winnebago,IL,MVR,MVD
17203,Woodford,IL,MVR,MVD
18001,Adams,IN,LRL,GLD
18003,Allen,IN,LRL,GLD
18005,Bartholomew,IN,LRL,GLD
18007,Benton,IN,LRL,GLD
18009,Blackford,IN,LRL,GLD
18011,Boone,IN,LRL,GLD
18013,Brown,IN,LRL,GLD
18015,Carroll,IN,LRL,GLD
18017,Cass,IN,LRL,GLD
18019,Clark,IN,LRL,GLD
18021,Clay,IN,LRL,GLD
18023,Clinton,IN,LRL,GLD
18025,Crawford,IN,LRL,GLD
18027,Daviess,IN,LRL,GLD
18029,Dearborn,IN,LRL,GLD
18031,Decatur,IN,LRL,GLD
18033,DeKalb,IN,LRL,GLD
18035,Delaware,IN,LRL,GLD
18037,Dubois,IN,LRL,GLD
18039,Elkhart,IN,LRL,GLD
18041,Fayette,IN,LRL,GLD
18043,Floyd,IN,LRL,GLD
18045,Fountain,IN,LRL,GLD
18047,Franklin,IN,LRL,GLD
18049,Fulton,IN,LRL,GLD
18051,Gibson,IN,LRL,GLD
18053,Grant,IN,LRL,GLD
18055,Greene,IN,LRL,GLD
18057,Hamilton,IN,LRL,GLD
18059,Hancock,IN,LRL,GLD
18061,Harrison,IN,LRL,GLD
18063,Hendricks,IN,LRL,GLD
18065,Henry,IN,LRL,GLD
18067,Howard,IN,LRL,GLD
18069,Huntington,IN,LRL,GLD
18071,Jackson,IN,LRL,GLD
18073,Jasper,IN,LRL,GLD
18075,Jay,IN,LRL,GLD
18077,Jefferson,IN,LRL,GLD
18079,Jennings,IN,LRL,GLD
18081,Johnson,IN,LRL,GLD
18083,Knox,IN,LRL,GLD
18085,Kosciusko,IN,LRL,GLD
18087,LaGrange,IN,LRL,GLD
18089,Lake,IN,LRL,MVD
18091,LaPorte,IN,LRL,GLD
18093,Lawrence,IN,LRL,GLD
18095,Madison,IN,LRL,GLD
18097,Marion,IN,LRL,GLD
18099,Marshall,IN,LRL,GLD
18101,Martin,IN,LRL,GLD
18103,Miami,IN,LRL,GLD
18105,Monroe,IN,LRL,GLD
18107,Montgomery,IN,LRL,GLD
18109,Morgan,IN,LRL,GLD
18111,Newton,IN,LRL,GLD
18113,Noble,IN,LRL,GLD
18115,Ohio,IN,LRL,GLD
18117,Orange,IN,LRL,GLD
18119,Owen,IN,LRL,GLD
18121,Parke,IN,LRL,GLD
18123,Perry,IN,LRL,GLD
18125,Pike,IN,LRL,GLD
18127,Porter,IN,LRL,MVD
18129,Posey,IN,LRL,GLD
18131,Pulaski,IN,LRL,GLD
18133,Putnam,IN,LRL,GLD
18135,Randolph,IN,LRL,GLD
18137,Ripley,IN,LRL,GLD
18139,Rush,IN,LRL,GLD
18141,St. Joseph,IN,LRL,GLD
18143,Scott,IN,LRL,GLD
18145,Shelby,IN,LRL,GLD
18147,Spencer,IN,LRL,GLD
18149,Starke,IN,LRL,GLD
18151,Steuben,IN,LRL,GLD
18153,Sullivan,IN,LRL,GLD
18155,Switzerland,IN,LRL,GLD
18157,Tippecanoe,IN,LRL,GLD
18159,Tipton,IN,LRL,GLD
18161,Union,IN,LRL,GLD
18163,Vanderburgh,IN,LRL,GLD
18165,Vermillion,IN,LRL,GLD
18167,Vigo,IN,LRL,GLD
18169,Wabash,IN,LRL,GLD
18171,Warren,IN,LRL,GLD
18173,Warrick,IN,LRL,GLD
18175,Washington,IN,LRL,GLD
18177,Wayne,IN,LRL,GLD
18179,Wells,IN,LRL,GLD
18181,White,IN,LRL,GLD
18183,Whitley,IN,LRL,GLD
19001,Adair,IA,NWO,NWD
19003,Adams,IA,NWO,NWD
19005,Allamakee,IA,MVR,MVD
19007,Appanoose,IA,MVR,NWD
19009,Audubon,IA,NWO,NWD
19011,Benton,IA,MVR,MVD
19013,Black Hawk,IA,MVR,MVD
19015,Boone,IA,MVR,MVD
19017,Bremer,IA,MVR,MVD
19019,Buchanan,IA,MVR,MVD
19021,Buena Vista,IA,NWO,MVD
19023,Butler,IA,MVR,MVD
19025,Calhoun,IA,NWO,MVD
19027,Carroll,IA,NWO,MVD
19029,Cass,IA,NWO,NWD
19031,Cedar,IA,MVR,MVD
19033,Cerro Gordo,IA,MVR,MVD
19035,Cherokee,IA,NWO,NWD
19037,Chickasaw,IA,MVR,MVD
19039,Clarke,IA,MVR,MVD
19041,Clay,IA,NWO,NWD
19043,Clayton,IA,MVR,MVD
19045,Clinton,IA,MVR,MVD
19047,Crawford,IA,NWO,NWD
19049,Dallas,IA,MVR,MVD
19051,Davis,IA,MVR,MVD
19053,Decatur,IA,MVR,NWD
19055,Delaware,IA,MVR,MVD
19057,Des Moines,IA,MVR,MVD
19059,Dickinson,IA,NWO,NWD
19061,Dubuque,IA,MVR,MVD
19063,Emmet,IA,NWO,MVD
19065,Fayette,IA,MVR,MVD
19067,Floyd,IA,MVR,MVD
19069,Franklin,IA,MVR,MVD
19071,Fremont,IA,NWO,NWD
19073,Greene,IA,NWO,MVD
19075,Grundy,IA,MVR,MVD
19077,Guthrie,IA,NWO,MVD
19079,Hamilton,IA,MVR,MVD
19081,Hancock,IA,MVR,MVD
19083,Hardin,IA,MVR,MVD
19085,Harrison,IA,NWO,NWD
19087,Henry,IA,MVR,MVD
19089,Howard,IA,MVR,MVD
19091,Humboldt,IA,MVR,MVD
19093,Ida,IA,NWO,NWD
19095,Iowa,IA,MVR,MVD
19097,Jackson,IA,MVR,MVD
19099,Jasper,IA,MVR,MVD
19101,Jefferson,IA,MVR,MVD
19103,Johnson,IA,MVR,MVD
19105,Jones,IA,MVR,MVD
19107,Keokuk,IA,MVR,MVD
19109,Kossuth,IA,MVR,MVD
19111,Lee,IA,MVR,MVD
19113,Linn,IA,MVR,MVD
19115,Louisa,IA,MVR,MVD
19117,Lucas,IA,MVR,MVD
19119,Lyon,IA,NWO,NWD
19121,Madison,IA,MVR,MVD
19123,Mahaska,IA,MVR,MVD
19125,Marion,IA,MVR,MVD
19127,Marshall,IA,MVR,MVD
19129,Mills,IA,NWO,NWD
19131,Mitchell,IA,MVR,MVD
19133,Monona,IA,NWO,NWD
19135,Monroe,IA,MVR,MVD
19137,Montgomery,IA,NWO,NWD
19139,Muscatine,IA,MVR,MVD
19141,O'Brien,IA,NWO,NWD
19143,Osceola,IA,NWO,NWD
19145,Page,IA,NWO,NWD
19147,Palo Alto,IA,NWO,MVD
19149,Plymouth,IA,NWO,NWD
19151,Pocahontas,IA,NWO,MVD
19153,Polk,IA,MVR,MVD
19155,Pottawattamie,IA,NWO,NWD
19157,Poweshiek,IA,MVR,MVD
19159,Ringgold,IA,MVR,NWD
19161,Sac,IA,NWO,NWD
19163,Scott,IA,MVR,MVD
19165,Shelby,IA,NWO,NWD
19167,Sioux,IA,NWO,NWD
19169,Story,IA,MVR,MVD
19171,Tama,IA,MVR,MVD
19173,Taylor,IA,NWO,NWD
19175,Union,IA,MVR,NWD
19177,Van Buren,IA,MVR,MVD
19179,Wapello,IA,MVR,MVD
19181,Warren,IA,MVR,MVD
19183,Washington,IA,MVR,MVD
19185,Wayne,IA,MVR,NWD
19187,Webster,IA,MVR,MVD
19189,Winnebago,IA,MVR,MVD
19191,Winneshiek,IA,MVR,MVD
19193,Woodbury,IA,NWO,NWD
19195,Worth,IA,MVR,MVD
19197,Wright,IA,MVR,MVD
20001,Allen,KS,SWT,SWD
20003,Anderson,KS,NWK,NWD
20005,Atchison,KS,NWK,NWD
20007,Barber,KS,SWT,SWD
20009,Barton,KS,SWT,SWD
20011,Bourbon,KS,NWK,NWD
20013,Brown,KS,NWK,NWD
20015,Butler,KS,SWT,SWD
20017,Chase,KS,NWK,SWD
20019,Chautauqua,KS,SWT,SWD
20021,Cherokee,KS,SWT,SWD
20023,Cheyenne,KS,NWK,NWD
20025,Clark,KS,SWT,SWD
20027,Clay,KS,NWK,NWD
20029,Cloud,KS,NWK,NWD
20031,Coffey,KS,SWT,SWD
20033,Comanche,KS,SWT,SWD
20035,Cowley,KS,SWT,SWD
20037,Crawford,KS,SWT,SWD
20039,Decatur,KS,NWK,NWD
20041,Dickinson,KS,NWK,NWD
20043,Doniphan,KS,NWK,NWD
20045,Douglas,KS,NWK,NWD
20047,Edwards,KS,SWT,SWD
20049,Elk,KS,SWT,SWD
20051,Ellis,KS,NWK,NWD
20053,Ellsworth,KS,NWK,NWD
20055,Finney,KS,SWT,SWD
20057,Ford,KS,SWT,SWD
20059,Franklin,KS,NWK,NWD
20061,Geary,KS,NWK,NWD
20063,Gove,KS,NWK,NWD
20065,Graham,KS,NWK,NWD
20067,Grant,KS,SWT,SWD
20069,Gray,KS,SWT,SWD
20071,Greeley,KS,SWT,SWD
20073,Greenwood,KS,SWT,SWD
20075,Hamilton,KS,SWT,SWD
20077,Harper,KS,SWT,SWD
20079,Harvey,KS,SWT,SWD
20081,Haskell,KS,SWT,SWD
20083,Hodgeman,KS,SWT,SWD
20085,Jackson,KS,NWK,NWD
20087,Jefferson,KS,NWK,NWD
20089,Jewell,KS,NWK,NWD
20091,Johnson,KS,NWK,NWD
20093,Kearny,KS,SWT,SWD
20095,Kingman,KS,SWT,SWD
20097,Kiowa,KS,SWT,SWD
20099,Labette,KS,SWT,SWD
20101,Lane,KS,SWT,SWD
20103,Leavenworth,KS,NWK,NWD
20105,Lincoln,KS,NWK,NWD
20107,Linn,KS,NWK,NWD
20109,Logan,KS,NWK,NWD
20111,Lyon,KS,SWT,SWD
20113,McPherson,KS,NWK,NWD
20115,Marion,KS,SWT,SWD
20117,Marshall,KS,NWK,NWD
20119,Meade,KS,SWT,SWD
20121,Miami,KS,NWK,NWD
20123,Mitchell,KS,NWK,NWD
20125,Montgomery,KS,SWT,SWD
20127,Morris,KS,SWT,SWD
20129,Morton,KS,SWT,SWD
20131,Nemaha,KS,NWK,NWD
20133,Neosho,KS,SWT,SWD
20135,Ness,KS,SWT,SWD
20137,Norton,KS,NWK,NWD
20139,Osage,KS,NWK,NWD
20141,Osborne,KS,NWK,NWD
20143,Ottawa,KS,NWK,NWD
20145,Pawnee,KS,SWT,SWD
20147,Phillips,KS,NWK,NWD
20149,Pottawatomie,KS,NWK,NWD
20151,Pratt,KS,SWT,SWD
20153,Rawlins,KS,NWK,NWD
20155,Reno,KS,SWT,SWD
20157,Republic,KS,NWK,NWD
20159,Rice,KS,NWK,SWD
20161,Riley,KS,NWK,NWD
20163,Rooks,KS,NWK,NWD
20165,Rush,KS,NWK,SWD
20167,Russell,KS,NWK,NWD
20169,Saline,KS,NWK,NWD
20171,Scott,KS,NWK,SWD
20173,Sedgwick,KS,SWT,SWD
20175,Seward,KS,SWT,SWD
20177,Shawnee,KS,NWK,NWD
20179,Sheridan,KS,NWK,NWD
20181,Sherman,KS,NWK,NWD
20183,Smith,KS,NWK,NWD
20185,Stafford,KS,SWT,SWD
20187,Stanton,KS,SWT,SWD
20189,Stevens,KS,SWT,SWD
20191,Sumner,KS,SWT,SWD
20193,Thomas,KS,NWK,NWD
20195,Trego,KS,NWK,NWD
20197,Wabaunsee,KS,NWK,NWD
20199,Wallace,KS,NWK,NWD
20201,Washington,KS,NWK,NWD
20203,Wichita,KS,NWK,SWD
20205,Wilson,KS,SWT,SWD
20207,Woodson,KS,SWT,SWD
20209,Wyandotte,KS,NWK,NWD
21001,Adair,KY,LRL,GLD
21003,Allen,KY,LRL,GLD
21005,Anderson,KY,LRL,GLD
21007,Ballard,KY,LRL,GLD
21009,Barren,KY,LRL,GLD
21011,Bath,KY,LRL,GLD
21013,Bell,KY,LRL,GLD
21015,Boone,KY,LRL,GLD
21017,Bourbon,KY,LRL,GLD
21019,Boyd,KY,LRL,GLD
21021,Boyle,KY,LRL,GLD
21023,Bracken,KY,LRL,GLD
21025,Breathitt,KY,LRL,GLD
21027,Breckinridge,KY,LRL,GLD
21029,Bullitt,KY,LRL,GLD
21031,Butler,KY,LRL,GLD
21033,Caldwell,KY,LRL,GLD
21035,Calloway,KY,LRL,GLD
21037,Campbell,KY,LRL,GLD
21039,Carlisle,KY,LRL,GLD
21041,Carroll,KY,LRL,GLD
21043,Carter,KY,LRL,GLD
21045,Casey,KY,LRL,GLD
21047,Christian,KY,LRL,GLD
21049,Clark,KY,LRL,GLD
21051,Clay,KY,LRL,GLD
21053,Clinton,KY,LRL,GLD
21055,Crittenden,KY,LRL,GLD
21057,Cumberland,KY,LRL,GLD
21059,Daviess,KY,LRL,GLD
21061,Edmonson,KY,LRL,GLD
21063,Elliott,KY,LRL,GLD
21065,Estill,KY,LRL,GLD
21067,Fayette,KY,LRL,GLD
21069,Fleming,KY,LRL,GLD
21071,Floyd,KY,LRL,GLD
21073,Franklin,KY,LRL,GLD
21075,Fulton,KY,LRL,GLD
21077,Gallatin,KY,LRL,GLD
21079,Garrard,KY,LRL,GLD
21081,Grant,KY,LRL,GLD
21083,Graves,KY,LRL,GLD
21085,Grayson,KY,LRL,GLD
21087,Green,KY,LRL,GLD
21089,Greenup,KY,LRL,GLD
21091,Hancock,KY,LRL,GLD
21093,Hardin,KY,LRL,GLD
21095,Harlan,KY,LRL,GLD
21097,Harrison,KY,LRL,GLD
21099,Hart,KY,LRL,GLD
21101,Henderson,KY,LRL,GLD
21103,Henry,KY,LRL,GLD
21105,Hickman,KY,LRL,GLD
21107,Hopkins,KY,LRL,GLD
21109,Jackson,KY,LRL,GLD
21111,Jefferson,KY,LRL,GLD
21113,Jessamine,KY,LRL,GLD
21115,Johnson,KY,LRL,GLD
21117,Kenton,KY,LRL,GLD
21119,Knott,KY,LRL,GLD
21121,Knox,KY,LRL,GLD
21123,Larue,KY,LRL,GLD
21125,Laurel,KY,LRL,GLD
21127,Lawrence,KY,LRL,GLD
21129,Lee,KY,LRL,GLD
21131,Leslie,KY,LRL,GLD
21133,Letcher,KY,LRL,GLD
21135,Lewis,KY,LRL,GLD
21137,Lincoln,KY,LRL,GLD
21139,Livingston,KY,LRL,GLD
21141,Logan,KY,LRL,GLD
21143,Lyon,KY,LRL,GLD
21145,McCracken,KY,LRL,GLD
21147,McCreary,KY,LRL,GLD
21149,McLean,KY,LRL,GLD
21151,Madison,KY,LRL,GLD
21153,Magoffin,KY,LRL,GLD
21155,Marion,KY,LRL,GLD
21157,Marshall,KY,LRL,GLD
21159,Martin,KY,LRL,GLD
21161,Mason,KY,LRL,GLD
21163,Meade,KY,LRL,GLD
21165,Menifee,KY,LRL,GLD
21167,Mercer,KY,LRL,GLD
21169,Metcalfe,KY,LRL,GLD
21171,Monroe,KY,LRL,GLD
21173,Montgomery,KY,LRL,GLD
21175,Morgan,KY,LRL,GLD
21177,Muhlenberg,KY,LRL,GLD
21179,Nelson,KY,LRL,GLD
21181,Nicholas,KY,LRL,GLD
21183,Ohio,KY,LRL,GLD
21185,Oldham,KY,LRL,GLD
21187,Owen,KY,LRL,GLD
21189,Owsley,KY,LRL,GLD
21191,Pendleton,KY,LRL,GLD
21193,Perry,KY,LRL,GLD
21195,Pike,KY,LRL,GLD
21197,Powell,KY,LRL,GLD
21199,Pulaski,KY,LRL,GLD
21201,Robertson,KY,LRL,GLD
21203,Rockcastle,KY,LRL,GLD
21205,Rowan,KY,LRL,GLD
21207,Russell,KY,LRL,GLD
21209,Scott,KY,LRL,GLD
21211,Shelby,KY,LRL,GLD
21213,Simpson,KY,LRL,GLD
21215,Spencer,KY,LRL,GLD
21217,Taylor,KY,LRL,GLD
21219,Todd,KY,LRL,GLD
21221,Trigg,KY,LRL,GLD
21223,Trimble,KY,LRL,GLD
21225,Union,KY,LRL,GLD
21227,Warren,KY,LRL,GLD
21229,Washington,KY,LRL,GLD
21231,Wayne,KY,LRL,GLD
21233,Webster,KY,LRL,GLD
21235,Whitley,KY,LRL,GLD
21237,Wolfe,KY,LRL,GLD
21239,Woodford,KY,LRL,GLD
22001,Acadia,LA,MVO,MVD
22003,Allen,LA,MVO,MVD
22005,Ascension,LA,MVO,MVD
22007,Assumption,LA,MVO,MVD
22009,Avoyelles,LA,MVK,MVD
22011,Beauregard,LA,MVO,MVD
22013,Bienville,LA,MVK,MVD
22015,Bossier,LA,MVK,MVD
22017,Caddo,LA,MVK,MVD
22019,Calcasieu,LA,MVO,MVD
22021,Caldwell,LA,MVK,MVD
22023,Cameron,LA,MVO,MVD
22025,Catahoula,LA,MVK,MVD
22027,Claiborne,LA,MVK,MVD
22029,Concordia,LA,MVK,MVD
22031,De Soto,LA,MVK,SWD
22033,East Baton Rouge,LA,MVO,MVD
22035,East Carroll,LA,MVK,MVD
22037,East Feliciana,LA,MVO,MVD
22039,Evangeline,LA,MVK,MVD
22041,Franklin,LA,MVK,MVD
22043,Grant,LA,MVK,MVD
22045,Iberia,LA,MVO,MVD
22047,Iberville,LA,MVO,MVD
22049,Jackson,LA,MVK,MVD
22051,Jefferson,LA,MVO,MVD
22053,Jefferson Davis,LA,MVO,MVD
22055,Lafayette,LA,MVO,MVD
22057,Lafourche,LA,MVO,MVD
22059,LaSalle,LA,MVK,MVD
22061,Lincoln,LA,MVK,MVD
22063,Livingston,LA,MVO,MVD
22065,Madison,LA,MVK,MVD
22067,Morehouse,LA,MVK,MVD
22069,Natchitoches,LA,MVK,MVD
22071,Orleans,LA,MVO,MVD
22073,Ouachita,LA,MVK,MVD
22075,Plaquemines,LA,MVO,MVD
22077,Pointe Coupee,LA,MVO,MVD
22079,Rapides,LA,MVK,MVD
22081,Red River,LA,MVK,MVD
22083,Richland,LA,MVK,MVD
22085,Sabine,LA,MVK,SWD
22087,St. Bernard,LA,MVO,MVD
22089,St. Charles,LA,MVO,MVD
22091,St. Helena,LA,MVO,MVD
22093,St. James,LA,MVO,MVD
22095,St. John the Baptist,LA,MVO,MVD
22097,St. Landry,LA,MVK,MVD
22099,St. Martin,LA,MVO,MVD
22101,St. Mary,LA,MVO,MVD
22103,St. Tammany,LA,MVO,MVD
22105,Tangipahoa,LA,MVO,MVD
22107,Tensas,LA,MVK,MVD
22109,Terrebonne,LA,MVO,MVD
22111,Union,LA,MVK,MVD
22113,Vermilion,LA,MVO,MVD
22115,Vernon,LA,MVK,MVD
22117,Washington,LA,MVO,MVD
22119,Webster,LA,MVK,MVD
22121,West Baton Rouge,LA,MVO,MVD
22123,West Carroll,LA,MVK,MVD
22125,West Feliciana,LA,MVO,MVD
22127,Winn,LA,MVK,MVD
23001,Androscoggin,ME,NAE,NAD
23003,Aroostook,ME,NAE,NAD
23005,Cumberland,ME,NAE,NAD
23007,Franklin,ME,NAE,NAD
23009,Hancock,ME,NAE,NAD
23011,Kennebec,ME,NAE,NAD
23013,Knox,ME,NAE,NAD
23015,Lincoln,ME,NAE,NAD
23017,Oxford,ME,NAE,NAD
23019,Penobscot,ME,NAE,NAD
23021,Piscataquis,ME,NAE,NAD
23023,Sagadahoc,ME,NAE,NAD
23025,Somerset,ME,NAE,NAD
23027,Waldo,ME,NAE,NAD
23029,Washington,ME,NAE,NAD
23031,York,ME,NAE,NAD
24001,Allegany,MD,NAB,GLD
24003,Anne Arundel,MD,NAB,GLD
24005,Baltimore,MD,NAB,GLD
24009,Calvert,MD,NAB,GLD
24011,Caroline,MD,NAB,GLD
24013,Carroll,MD,NAB,GLD
24015,Cecil,MD,NAB,GLD
24017,Charles,MD,NAB,GLD
24019,Dorchester,MD,NAB,GLD
24021,Frederick,MD,NAB,GLD
24023,Garrett,MD,LRP,GLD
24025,Harford,MD,NAB,GLD
24027,Howard,MD,NAB,GLD
24029,Kent,MD,NAB,GLD
24031,Montgomery,MD,NAB,GLD
24033,Prince George's,MD,NAB,GLD
24035,Queen Anne's,MD,NAB,GLD
24037,St. Mary's,MD,NAB,GLD
24039,Somerset,MD,NAB,GLD
24041,Talbot,MD,NAB,GLD
24043,Washington,MD,NAB,GLD
24045,Wicomico,MD,NAB,GLD
24047,Worcester,MD,NAB,GLD
24510,Baltimore,MD,NAB,GLD
25001,Barnstable,MA,NAE,NAD
25003,Berkshire,MA,NAE,NAD
25005,Bristol,MA,NAE,NAD
25007,Dukes,MA,NAE,NAD
25009,Essex,MA,NAE,NAD
25011,Franklin,MA,NAE,NAD
25013,Hampden,MA,NAE,NAD
25015,Hampshire,MA,NAE,NAD
25017,Middlesex,MA,NAE,NAD
25019,Nantucket,MA,NAE,NAD
25021,Norfolk,MA,NAE,NAD
25023,Plymouth,MA,NAE,NAD
25025,Suffolk,MA,NAE,NAD
25027,Worcester,MA,NAE,NAD
26001,Alcona,MI,LRL,GLD
26003,Alger,MI,LRL,GLD
26005,Allegan,MI,LRL,GLD
26007,Alpena,MI,LRL,GLD
26009,Antrim,MI,LRL,GLD
26011,Arenac,MI,LRL,GLD
26013,Baraga,MI,LRL,GLD
26015,Barry,MI,LRL,GLD
26017,Bay,MI,LRL,GLD
26019,Benzie,MI,LRL,GLD
26021,Berrien,MI,LRL,GLD
26023,Branch,MI,LRL,GLD
26025,Calhoun,MI,LRL,GLD
26027,Cass,MI,LRL,GLD
26029,Charlevoix,MI,LRL,GLD
26031,Cheboygan,MI,LRL,GLD
26033,Chippewa,MI,LRL,GLD
26035,Clare,MI,LRL,GLD
26037,Clinton,MI,LRL,GLD
26039,Crawford,MI,LRL,GLD
26041,Delta,MI,LRL,GLD
26043,Dickinson,MI,LRL,GLD
26045,Eaton,MI,LRL,GLD
26047,Emmet,MI,LRL,GLD
26049,Genesee,MI,LRL,GLD
26051,Gladwin,MI,LRL,GLD
26053,Gogebic,MI,LRL,GLD
26055,Grand Traverse,MI,LRL,GLD
26057,Gratiot,MI,LRL,GLD
26059,Hillsdale,MI,LRL,GLD
26061,Houghton,MI,LRL,GLD
26063,Huron,MI,LRL,GLD
26065,Ingham,MI,LRL,GLD
26067,Ionia,MI,LRL,GLD
26069,Iosco,MI,LRL,GLD
26071,Iron,MI,LRL,GLD
26073,Isabella,MI,LRL,GLD
26075,Jackson,MI,LRL,GLD
26077,Kalamazoo,MI,LRL,GLD
26079,Kalkaska,MI,LRL,GLD
26081,Kent,MI,LRL,GLD
26083,Keweenaw,MI,LRL,GLD
26085,Lake,MI,LRL,GLD
26087,Lapeer,MI,LRL,GLD
26089,Leelanau,MI,LRL,GLD
26091,Lenawee,MI,LRL,GLD
26093,Livingston,MI,LRL,GLD
26095,Luce,MI,LRL,GLD
26097,Mackinac,MI,LRL,GLD
26099,Macomb,MI,LRL,GLD
26101,Manistee,MI,LRL,GLD
26103,Marquette,MI,LRL,GLD
26105,Mason,MI,LRL,GLD
26107,Mecosta,MI,LRL,GLD
26109,Menominee,MI,LRL,GLD
26111,Midland,MI,LRL,GLD
26113,Missaukee,MI,LRL,GLD
26115,Monroe,MI,LRL,GLD
26117,Montcalm,MI,LRL,GLD
26119,Montmorency,MI,LRL,GLD
26121,Muskegon,MI,LRL,GLD
26123,Newaygo,MI,LRL,GLD
26125,Oakland,MI,LRL,GLD
26127,Oceana,MI,LRL,GLD
26129,Ogemaw,MI,LRL,GLD
26131,Ontonagon,MI,LRL,GLD
26133,Osceola,MI,LRL,GLD
26135,Oscoda,MI,LRL,GLD
26137,Otsego,MI,LRL,GLD
26139,Ottawa,MI,LRL,GLD
26141,Presque Isle,MI,LRL,GLD
26143,Roscommon,MI,LRL,GLD
26145,Saginaw,MI,LRL,GLD
26147,St. Clair,MI,LRL,GLD
26149,St. Joseph,MI,LRL,GLD
26151,Sanilac,MI,LRL,GLD
26153,Schoolcraft,MI,LRL,GLD
26155,Shiawassee,MI,LRL,GLD
26157,Tuscola,MI,LRL,GLD
26159,Van Buren,MI,LRL,GLD
26161,Washtenaw,MI,LRL,GLD
26163,Wayne,MI,LRL,GLD
26165,Wexford,MI,LRL,GLD
27001,Aitkin,MN,MVP,MVD
27003,Anoka,MN,MVP,MVD
27005,Becker,MN,MVP,MVD
27007,Beltrami,MN,MVP,MVD
27009,Benton,MN,MVP,MVD
27011,Big Stone,MN,MVP,MVD
27013,Blue Earth,MN,MVP,MVD
27015,Brown,MN,MVP,MVD
27017,Carlton,MN,MVP,MVD
27019,Carver,MN,MVP,MVD
27021,Cass,MN,MVP,MVD
27023,Chippewa,MN,MVP,MVD
27025,Chisago,MN,MVP,MVD
27027,Clay,MN,MVP,MVD
27029,Clearwater,MN,MVP,MVD
27031,Cook,MN,MVP,GLD
27033,Cottonwood,MN,MVP,MVD
27035,Crow Wing,MN,MVP,MVD
27037,Dakota,MN,MVP,MVD
27039,Dodge,MN,MVP,MVD
27041,Douglas,MN,MVP,MVD
27043,Faribault,MN,MVP,MVD
27045,Fillmore,MN,MVP,MVD
27047,Freeborn,MN,MVP,MVD
27049,Goodhue,MN,MVP,MVD
27051,Grant,MN,MVP,MVD
27053,Hennepin,MN,MVP,MVD
27055,Houston,MN,MVP,MVD
27057,Hubbard,MN,MVP,MVD
27059,Isanti,MN,MVP,MVD
27061,Itasca,MN,MVP,MVD
27063,Jackson,MN,MVP,MVD
27065,Kanabec,MN,MVP,MVD
27067,Kandiyohi,MN,MVP,MVD
27069,Kittson,MN,MVP,MVD
27071,Koochiching,MN,MVP,MVD
27073,Lac qui Parle,MN,MVP,MVD
27075,Lake,MN,MVP,GLD
27077,Lake of the Woods,MN,MVP,MVD
27079,Le Sueur,MN,MVP,MVD
27081,Lincoln,MN,MVP,MVD
27083,Lyon,MN,MVP,MVD
27085,McLeod,MN,MVP,MVD
27087,Mahnomen,MN,MVP,MVD
27089,Marshall,MN,MVP,MVD
27091,Martin,MN,MVP,MVD
27093,Meeker,MN,MVP,MVD
27095,Mille Lacs,MN,MVP,MVD
27097,Morrison,MN,MVP,MVD
27099,Mower,MN,MVP,MVD
27101,Murray,MN,MVP,MVD
27103,Nicollet,MN,MVP,MVD
27105,Nobles,MN,MVP,NWD
27107,Norman,MN,MVP,MVD
27109,Olmsted,MN,MVP,MVD
27111,Otter Tail,MN,MVP,MVD
27113,Pennington,MN,MVP,MVD
27115,Pine,MN,MVP,MVD
27117,Pipestone,MN,MVP,NWD
27119,Polk,MN,MVP,MVD
27121,Pope,MN,MVP,MVD
27123,Ramsey,MN,MVP,MVD
27125,Red Lake,MN,MVP,MVD
27127,Redwood,MN,MVP,MVD
27129,Renville,MN,MVP,MVD
27131,Rice,MN,MVP,MVD
27133,Rock,MN,MVP,NWD
27135,Roseau,MN,MVP,MVD
27137,St. Louis,MN,MVP,MVD
27139,Scott,MN,MVP,MVD
27141,Sherburne,MN,MVP,MVD
27143,Sibley,MN,MVP,MVD
27145,Stearns,MN,MVP,MVD
27147,Steele,MN,MVP,MVD
27149,Stevens,MN,MVP,MVD
27151,Swift,MN,MVP,MVD
27153,Todd,MN,MVP,MVD
27155,Traverse,MN,MVP,MVD
27157,Wabasha,MN,MVP,MVD
27159,Wadena,MN,MVP,MVD
27161,Waseca,MN,MVP,MVD
27163,Washington,MN,MVP,MVD
27165,Watonwan,MN,MVP,MVD
27167,Wilkin,MN,MVP,MVD
27169,Winona,MN,MVP,MVD
27171,Wright,MN,MVP,MVD
27173,Yellow Medicine,MN,MVP,MVD
28001,Adams,MS,MVK,MVD
28003,Alcorn,MS,SAM,GLD
28005,Amite,MS,MVK,MVD
28007,Attala,MS,MVK,MVD
28009,Benton,MS,MVK,MVD
28011,Bolivar,MS,MVK,MVD
28013,Calhoun,MS,MVK,MVD
28015,Carroll,MS,MVK,MVD
28017,Chickasaw,MS,SAM,SAD
28019,Choctaw,MS,MVK,MVD
28021,Claiborne,MS,MVK,MVD
28023,Clarke,MS,SAM,SAD
28025,Clay,MS,SAM,SAD
28027,Coahoma,MS,MVK,MVD
28029,Copiah,MS,MVK,MVD
28031,Covington,MS,MVK,SAD
28033,DeSoto,MS,MVK,MVD
28035,Forrest,MS,SAM,SAD
28037,Franklin,MS,MVK,MVD
28039,George,MS,SAM,SAD
28041,Greene,MS,SAM,SAD
28043,Grenada,MS,MVK,MVD
28045,Hancock,MS,SAM,SAD
28047,Harrison,MS,SAM,SAD
28049,Hinds,MS,MVK,MVD
28051,Holmes,MS,MVK,MVD
28053,Humphreys,MS,MVK,MVD
28055,Issaquena,MS,MVK,MVD
28057,Itawamba,MS,SAM,SAD
28059,Jackson,MS,SAM,SAD
28061,Jasper,MS,SAM,SAD
28063,Jefferson,MS,MVK,MVD
28065,Jefferson Davis,MS,MVK,MVD
28067,Jones,MS,SAM,SAD
28069,Kemper,MS,SAM,SAD
28071,Lafayette,MS,MVK,MVD
28073,Lamar,MS,MVK,SAD
28075,Lauderdale,MS,SAM,SAD
28077,Lawrence,MS,MVK,MVD
28079,Leake,MS,MVK,MVD
28081,Lee,MS,SAM,SAD
28083,Leflore,MS,MVK,MVD
28085,Lincoln,MS,MVK,MVD
28087,Lowndes,MS,SAM,SAD
28089,Madison,MS,MVK,MVD
28091,Marion,MS,MVK,MVD
28093,Marshall,MS,MVK,MVD
28095,Monroe,MS,SAM,SAD
28097,Montgomery,MS,MVK,MVD
28099,Neshoba,MS,SAM,MVD
28101,Newton,MS,SAM,SAD
28103,Noxubee,MS,SAM,SAD
28105,Oktibbeha,MS,SAM,SAD
28107,Panola,MS,MVK,MVD
28109,Pearl River,MS,SAM,MVD
28111,Perry,MS,SAM,SAD
28113,Pike,MS,MVK,MVD
28115,Pontotoc,MS,SAM,MVD
28117,Prentiss,MS,SAM,SAD
28119,Quitman,MS,MVK,MVD
28121,Rankin,MS,MVK,MVD
28123,Scott,MS,MVK,MVD
28125,Sharkey,MS,MVK,MVD
28127,Simpson,MS,MVK,MVD
28129,Smith,MS,MVK,SAD
28131,Stone,MS,SAM,SAD
28133,Sunflower,MS,MVK,MVD
28135,Tallahatchie,MS,MVK,MVD
28137,Tate,MS,MVK,MVD
28139,Tippah,MS,SAM,GLD
28141,Tishomingo,MS,SAM,GLD
28143,Tunica,MS,MVK,MVD
28145,Union,MS,SAM,MVD
28147,Walthall,MS,MVK,MVD
28149,Warren,MS,MVK,MVD
28151,Washington,MS,MVK,MVD
28153,Wayne,MS,SAM,SAD
28155,Webster,MS,MVK,MVD
28157,Wilkinson,MS,MVK,MVD
28159,Winston,MS,SAM,MVD
28161,Yalobusha,MS,MVK,MVD
28163,Yazoo,MS,MVK,MVD
29001,Adair,MO,MVS,NWD
29003,Andrew,MO,NWK,NWD
29005,Atchison,MO,NWK,NWD
29007,Audrain,MO,MVS,MVD
29009,Barry,MO,SWL,SWD
29011,Barton,MO,SWL,SWD
29013,Bates,MO,NWK,NWD
29015,Benton,MO,NWK,NWD
29017,Bollinger,MO,MVS,MVD
29019,Boone,MO,MVS,NWD
29021,Buchanan,MO,NWK,NWD
29023,Butler,MO,MVM,SWD
29025,Caldwell,MO,NWK,NWD
29027,Callaway,MO,MVS,NWD
29029,Camden,MO,NWK,NWD
29031,Cape Girardeau,MO,MVS,MVD
29033,Carroll,MO,NWK,NWD
29035,Carter,MO,MVS,SWD
29037,Cass,MO,NWK,NWD
29039,Cedar,MO,NWK,NWD
29041,Chariton,MO,NWK,NWD
29043,Christian,MO,SWL,SWD
29045,Clark,MO,MVS,MVD
29047,Clay,MO,NWK,NWD
29049,Clinton,MO,NWK,NWD
29051,Cole,MO,NWK,NWD
29053,Cooper,MO,NWK,NWD
29055,Crawford,MO,MVS,MVD
29057,Dade,MO,SWL,NWD
29059,Dallas,MO,SWL,NWD
29061,Daviess,MO,NWK,NWD
29063,DeKalb,MO,NWK,NWD
29065,Dent,MO,MVS,MVD
29067,Douglas,MO,SWL,SWD
29069,Dunklin,MO,MVM,GLD
29071,Franklin,MO,MVS,MVD
29073,Gasconade,MO,MVS,NWD
29075,Gentry,MO,NWK,NWD
29077,Greene,MO,SWL,NWD
29079,Grundy,MO,NWK,NWD
29081,Harrison,MO,NWK,NWD
29083,Henry,MO,NWK,NWD
29085,Hickory,MO,NWK,NWD
29087,Holt,MO,NWK,NWD
29089,Howard,MO,NWK,NWD
29091,Howell,MO,MVS,SWD
29093,Iron,MO,MVS,MVD
29095,Jackson,MO,NWK,NWD
29097,Jasper,MO,SWL,SWD
29099,Jefferson,MO,MVS,MVD
29101,Johnson,MO,NWK,NWD
29103,Knox,MO,MVS,MVD
29105,Laclede,MO,SWL,NWD
29107,Lafayette,MO,NWK,NWD
29109,Lawrence,MO,SWL,SWD
29111,Lewis,MO,MVS,MVD
29113,Lincoln,MO,MVS,MVD
29115,Linn,MO,NWK,NWD
29117,Livingston,MO,NWK,NWD
29119,McDonald,MO,SWL,SWD
29121,Macon,MO,MVS,NWD
29123,Madison,MO,MVS,MVD
29125,Maries,MO,MVS,NWD
29127,Marion,MO,MVS,MVD
29129,Mercer,MO,NWK,NWD
29131,Miller,MO,NWK,NWD
29133,Mississippi,MO,MVM,GLD
29135,Moniteau,MO,NWK,NWD
29137,Monroe,MO,MVS,MVD
29139,Montgomery,MO,MVS,MVD
29141,Morgan,MO,NWK,NWD
29143,New Madrid,MO,MVM,GLD
29145,Newton,MO,SWL,SWD
29147,Nodaway,MO,NWK,NWD
29149,Oregon,MO,MVS,SWD
29151,Osage,MO,MVS,NWD
29153,Ozark,MO,SWL,SWD
29155,Pemiscot,MO,MVM,GLD
29157,Perry,MO,MVS,MVD
29159,Pettis,MO,NWK,NWD
29161,Phelps,MO,MVS,NWD
29163,Pike,MO,MVS,MVD
29165,Platte,MO,NWK,NWD
29167,Polk,MO,SWL,NWD
29169,Pulaski,MO,MVS,NWD
29171,Putnam,MO,NWK,NWD
29173,Ralls,MO,MVS,MVD
29175,Randolph,MO,MVS,NWD
29177,Ray,MO,NWK,NWD
29179,Reynolds,MO,MVS,SWD
29181,Ripley,MO,MVS,SWD
29183,St. Charles,MO,MVS,MVD
29185,St. Clair,MO,NWK,NWD
29186,Ste. Genevieve,MO,MVS,MVD
29187,St. Francois,MO,MVS,MVD
29189,St. Louis,MO,MVS,MVD
29195,Saline,MO,NWK,NWD
29197,Schuyler,MO,MVS,MVD
29199,Scotland,MO,MVS,MVD
29201,Scott,MO,MVM,GLD
29203,Shannon,MO,MVS,SWD
29205,Shelby,MO,MVS,MVD
29207,Stoddard,MO,MVM,GLD
29209,Stone,MO,SWL,SWD
29211,Sullivan,MO,NWK,NWD
29213,Taney,MO,SWL,SWD
29215,Texas,MO,MVS,NWD
29217,Vernon,MO,NWK,NWD
29219,Warren,MO,MVS,NWD
29221,Washington,MO,MVS,MVD
29223,Wayne,MO,MVS,MVD
29225,Webster,MO,SWL,SWD
29227,Worth,MO,NWK,NWD
29229,Wright,MO,SWL,NWD
29510,St. Louis,MO,MVS,MVD
30001,Beaverhead,MT,NWO,NWD
30003,Big Horn,MT,NWO,NWD
30005,Blaine,MT,NWO,NWD
30007,Broadwater,MT,NWO,NWD
30009,Carbon,MT,NWO,NWD
30011,Carter,MT,NWO,NWD
30013,Cascade,MT,NWO,NWD
30015,Chouteau,MT,NWO,NWD
30017,Custer,MT,NWO,NWD
30019,Daniels,MT,NWO,NWD
30021,Dawson,MT,NWO,NWD
30023,Deer Lodge,MT,NWS,NWD
30025,Fallon,MT,NWO,NWD
30027,Fergus,MT,NWO,NWD
30029,Flathead,MT,NWS,NWD
30031,Gallatin,MT,NWO,NWD
30033,Garfield,MT,NWO,NWD
30035,Glacier,MT,NWO,NWD
30037,Golden Valley,MT,NWO,NWD
30039,Granite,MT,NWS,NWD
30041,Hill,MT,NWO,NWD
30043,Jefferson,MT,NWO,NWD
30045,Judith Basin,MT,NWO,NWD
30047,Lake,MT,NWS,NWD
30049,Lewis and Clark,MT,NWO,NWD
30051,Liberty,MT,NWO,NWD
30053,Lincoln,MT,NWS,NWD
30055,McCone,MT,NWO,NWD
30057,Madison,MT,NWO,NWD
30059,Meagher,MT,NWO,NWD
30061,Mineral,MT,NWS,NWD
30063,Missoula,MT,NWS,NWD
30065,Musselshell,MT,NWO,NWD
30067,Park,MT,NWO,NWD
30069,Petroleum,MT,NWO,NWD
30071,Phillips,MT,NWO,NWD
30073,Pondera,MT,NWO,NWD
30075,Powder River,MT,NWO,NWD
30077,Powell,MT,NWS,NWD
30079,Prairie,MT,NWO,NWD
30081,Ravalli,MT,NWS,NWD
30083,Richland,MT,NWO,NWD
30085,Roosevelt,MT,NWO,NWD
30087,Rosebud,MT,NWO,NWD
30089,Sanders,MT,NWS,NWD
30091,Sheridan,MT,NWO,NWD
30093,Silver Bow,MT,NWO,NWD
30095,Stillwater,MT,NWO,NWD
30097,Sweet Grass,MT,NWO,NWD
30099,Teton,MT,NWO,NWD
30101,Toole,MT,NWO,NWD
30103,Treasure,MT,NWO,NWD
30105,Valley,MT,NWO,NWD
30107,Wheatland,MT,NWO,NWD
30109,Wibaux,MT,NWO,NWD
30111,Yellowstone,MT,NWO,NWD
31001,Adams,NE,NWK,NWD
31003,Antelope,NE,NWO,NWD
31005,Arthur,NE,NWO,NWD
31007,Banner,NE,NWO,NWD
31009,Blaine,NE,NWO,NWD
31011,Boone,NE,NWO,NWD
31013,Box Butte,NE,NWO,NWD
31015,Boyd,NE,NWO,NWD
31017,Brown,NE,NWO,NWD
31019,Buffalo,NE,NWO,NWD
31021,Burt,NE,NWO,NWD
31023,Butler,NE,NWO,NWD
31025,Cass,NE,NWO,NWD
31027,Cedar,NE,NWO,NWD
31029,Chase,NE,NWO,NWD
31031,Cherry,NE,NWO,NWD
31033,Cheyenne,NE,NWO,NWD
31035,Clay,NE,NWK,NWD
31037,Colfax,NE,NWO,NWD
31039,Cuming,NE,NWO,NWD
31041,Custer,NE,NWO,NWD
31043,Dakota,NE,NWO,NWD
31045,Dawes,NE,NWO,NWD
31047,Dawson,NE,NWO,NWD
31049,Deuel,NE,NWO,NWD
31051,Dixon,NE,NWO,NWD
31053,Dodge,NE,NWO,NWD
31055,Douglas,NE,NWO,NWD
31057,Dundy,NE,NWO,NWD
31059,Fillmore,NE,NWK,NWD
31061,Franklin,NE,NWK,NWD
31063,Frontier,NE,NWO,NWD
31065,Furnas,NE,NWK,NWD
31067,Gage,NE,NWK,NWD
31069,Garden,NE,NWO,NWD
31071,Garfield,NE,NWO,NWD
31073,Gosper,NE,NWK,NWD
31075,Grant,NE,NWO,NWD
31077,Greeley,NE,NWO,NWD
31079,Hall,NE,NWO,NWD
31081,Hamilton,NE,NWO,NWD
31083,Harlan,NE,NWK,NWD
31085,Hayes,NE,NWO,NWD
31087,Hitchcock,NE,NWO,NWD
31089,Holt,NE,NWO,NWD
31091,Hooker,NE,NWO,NWD
31093,Howard,NE,NWO,NWD
31095,Jefferson,NE,NWK,NWD
31097,Johnson,NE,NWK,NWD
31099,Kearney,NE,NWK,NWD
31101,Keith,NE,NWK,NWD
31103,Keya Paha,NE,NWO,NWD
31105,Kimball,NE,NWO,NWD
31107,Knox,NE,NWO,NWD
31109,Lancaster,NE,NWO,NWD
31111,Lincoln,NE,NWK,NWD
31113,Logan,NE,NWO,NWD
31115,Loup,NE,NWO,NWD
31117,McPherson,NE,NWO,NWD
31119,Madison,NE,NWO,NWD
31121,Merrick,NE,NWO,NWD
31123,Morrill,NE,NWO,NWD
31125,Nance,NE,NWO,NWD
31127,Nemaha,NE,NWK,NWD
31129,Nuckolls,NE,NWK,NWD
31131,Otoe,NE,NWK,NWD
31133,Pawnee,NE,NWK,NWD
31135,Perkins,NE,NWO,NWD
31137,Phelps,NE,NWK,NWD
31139,Pierce,NE,NWO,NWD
31141,Platte,NE,NWO,NWD
31143,Polk,NE,NWO,NWD
31145,Red Willow,NE,NWO,NWD
31147,Richardson,NE,NWK,NWD
31149,Rock,NE,NWO,NWD
31151,Saline,NE,NWK,NWD
31153,Sarpy,NE,NWO,NWD
31155,Saunders,NE,NWO,NWD
31157,Scotts Bluff,NE,NWO,NWD
31159,Seward,NE,NWO,NWD
31161,Sheridan,NE,NWO,NWD
31163,Sherman,NE,NWO,NWD
31165,Sioux,NE,NWO,NWD
31167,Stanton,NE,NWO,NWD
31169,Thayer,NE,NWK,NWD
31171,Thomas,NE,NWO,NWD
31173,Thurston,NE,NWO,NWD
31175,Valley,NE,NWO,NWD
31177,Washington,NE,NWO,NWD
31179,Wayne,NE,NWO,NWD
31181,Webster,NE,NWK,NWD
31183,Wheeler,NE,NWO,NWD
31185,York,NE,NWO,NWD
32001,Churchill,NV,SPK,SPD
32003,Clark,NV,SPL,SPD
32005,Douglas,NV,SPK,SPD
32007,Elko,NV,SPK,SPD
32009,Esmeralda,NV,SPL,SPD
32011,Eureka,NV,SPK,SPD
32013,Humboldt,NV,SPK,SPD
32015,Lander,NV,SPK,SPD
32017,Lincoln,NV,SPL,SPD
32019,Lyon,NV,SPK,SPD
32021,Mineral,NV,SPL,SPD
32023,Nye,NV,SPL,SPD
32027,Pershing,NV,SPK,SPD
32029,Storey,NV,SPK,SPD
32031,Washoe,NV,SPK,SPD
32033,White Pine,NV,SPK,SPD
32510,Carson City,NV,SPK,SPD
33001,Belknap,NH,NAE,NAD
33003,Carroll,NH,NAE,NAD
33005,Cheshire,NH,NAE,NAD
33007,Coos,NH,NAE,NAD
33009,Grafton,NH,NAE,NAD
33011,Hillsborough,NH,NAE,NAD
33013,Merrimack,NH,NAE,NAD
33015,Rockingham,NH,NAE,NAD
33017,Strafford,NH,NAE,NAD
33019,Sullivan,NH,NAE,NAD
34001,Atlantic,NJ,NAP,NAD
34003,Bergen,NJ,NAN,NAD
34005,Burlington,NJ,NAP,NAD
34007,Camden,NJ,NAP,NAD
34009,Cape May,NJ,NAP,NAD
34011,Cumberland,NJ,NAP,NAD
34013,Essex,NJ,NAN,NAD
34015,Gloucester,NJ,NAP,NAD
34017,Hudson,NJ,NAN,NAD
34019,Hunterdon,NJ,NAN,NAD
34021,Mercer,NJ,NAP,NAD
34023,Middlesex,NJ,NAP,NAD
34025,Monmouth,NJ,NAP,NAD
34027,Morris,NJ,NAN,NAD
34029,Ocean,NJ,NAP,NAD
34031,Passaic,NJ,NAN,NAD
34033,Salem,NJ,NAP,NAD
34035,Somerset,NJ,NAN,NAD
34037,Sussex,NJ,NAN,NAD
34039,Union,NJ,NAN,NAD
34041,Warren,NJ,NAN,NAD
35001,Bernalillo,NM,SPA,SPD
35003,Catron,NM,SPA,SPD
35005,Chaves,NM,SPA,SPD
35006,Cibola,NM,SPA,SPD
35007,Colfax,NM,SPA,SPD
35009,Curry,NM,SPA,SPD
35011,De Baca,NM,SPA,SPD
35013,Do??a Ana,NM,SPA,SPD
35015,Eddy,NM,SPA,SPD
35017,Grant,NM,SPA,SPD
35019,Guadalupe,NM,SPA,SPD
35021,Harding,NM,SPA,SPD
35023,Hidalgo,NM,SPA,SPD
35025,Lea,NM,SPA,SPD
35027,Lincoln,NM,SPA,SPD
35028,Los Alamos,NM,SPA,SPD
35029,Luna,NM,SPA,SPD
35031,McKinley,NM,SPA,SPD
35033,Mora,NM,SPA,SPD
35035,Otero,NM,SPA,SPD
35037,Quay,NM,SPA,SPD
35039,Rio Arriba,NM,SPA,SPD
35041,Roosevelt,NM,SPA,SPD
35043,Sandoval,NM,SPA,SPD
35045,San Juan,NM,SPA,SPD
35047,San Miguel,NM,SPA,SPD
35049,Santa Fe,NM,SPA,SPD
35051,Sierra,NM,SPA,SPD
35053,Socorro,NM,SPA,SPD
35055,Taos,NM,SPA,SPD
35057,Torrance,NM,SPA,SPD
35059,Union,NM,SPA,SPD
35061,Valencia,NM,SPA,SPD
36001,Albany,NY,NAN,NAD
36003,Allegany,NY,LRB,GLD
36005,Bronx,NY,NAN,NAD
36007,Broome,NY,NAB,NAD
36009,Cattaraugus,NY,LRB,GLD
36011,Cayuga,NY,LRB,GLD
36013,Chautauqua,NY,LRB,GLD
36015,Chemung,NY,LRB,NAD
36017,Chenango,NY,NAB,NAD
36019,Clinton,NY,NAN,NAD
36021,Columbia,NY,NAN,NAD
36023,Cortland,NY,NAB,NAD
36025,Delaware,NY,NAB,NAD
36027,Dutchess,NY,NAN,NAD
36029,Erie,NY,LRB,GLD
36031,Essex,NY,NAN,NAD
36033,Franklin,NY,LRB,GLD
36035,Fulton,NY,NAN,NAD
36037,Genesee,NY,LRB,GLD
36039,Greene,NY,NAB,NAD
36041,Hamilton,NY,LRB,NAD
36043,Herkimer,NY,LRB,NAD
36045,Jefferson,NY,LRB,GLD
36047,Kings,NY,NAN,NAD
36049,Lewis,NY,LRB,GLD
36051,Livingston,NY,LRB,GLD
36053,Madison,NY,NAB,GLD
36055,Monroe,NY,LRB,GLD
36057,Montgomery,NY,NAN,NAD
36059,Nassau,NY,NAN,NAD
36061,New York,NY,NAN,NAD
36063,Niagara,NY,LRB,GLD
36065,Oneida,NY,NAN,GLD
36067,Onondaga,NY,LRB,GLD
36069,Ontario,NY,LRB,GLD
36071,Orange,NY,NAN,NAD
36073,Orleans,NY,LRB,GLD
36075,Oswego,NY,LRB,GLD
36077,Otsego,NY,NAB,NAD
36079,Putnam,NY,NAN,NAD
36081,Queens,NY,NAN,NAD
36083,Rensselaer,NY,NAN,NAD
36085,Richmond,NY,NAN,NAD
36087,Rockland,NY,NAN,NAD
36089,St. Lawrence,NY,LRB,GLD
36091,Saratoga,NY,NAN,NAD
36093,Schenectady,NY,NAB,NAD
36095,Schoharie,NY,NAB,NAD
36097,Schuyler,NY,LRB,GLD
36099,Seneca,NY,LRB,GLD
36101,Steuben,NY,LRB,NAD
36103,Suffolk,NY,NAN,NAD
36105,Sullivan,NY,NAB,NAD
36107,Tioga,NY,NAB,NAD
36109,Tompkins,NY,LRB,GLD
36111,Ulster,NY,NAB,NAD
36113,Warren,NY,NAN,NAD
36115,Washington,NY,NAN,NAD
36117,Wayne,NY,LRB,GLD
36119,Westchester,NY,NAN,NAD
36121,Wyoming,NY,LRB,GLD
36123,Yates,NY,LRB,GLD
37001,Alamance,NC,SAW,SAD
37003,Alexander,NC,SAW,SAD
37005,Alleghany,NC,SAW,GLD
37007,Anson,NC,SAW,SAD
37009,Ashe,NC,SAW,GLD
37011,Avery,NC,SAW,GLD
37013,Beaufort,NC,SAW,SAD
37015,Bertie,NC,SAW,SAD
37017,Bladen,NC,SAW,SAD
37019,Brunswick,NC,SAW,SAD
37021,Buncombe,NC,LRN,GLD
37023,Burke,NC,LRN,SAD
37025,Cabarrus,NC,SAW,SAD
37027,Caldwell,NC,SAW,SAD
37029,Camden,NC,SAW,SAD
37031,Carteret,NC,SAW,SAD
37033,Caswell,NC,SAW,SAD
37035,Catawba,NC,SAW,SAD
37037,Chatham,NC,SAW,SAD
37039,Cherokee,NC,LRN,GLD
37041,Chowan,NC,SAW,SAD
37043,Clay,NC,LRN,GLD
37045,Cleveland,NC,SAW,SAD
37047,Columbus,NC,SAW,SAD
37049,Craven,NC,SAW,SAD
37051,Cumberland,NC,SAW,SAD
37053,Currituck,NC,SAW,SAD
37055,Dare,NC,SAW,SAD
37057,Davidson,NC,SAW,SAD
37059,Davie,NC,SAW,SAD
37061,Duplin,NC,SAW,SAD
37063,Durham,NC,SAW,SAD
37065,Edgecombe,NC,SAW,SAD
37067,Forsyth,NC,SAW,SAD
37069,Franklin,NC,SAW,SAD
37071,Gaston,NC,SAW,SAD
37073,Gates,NC,SAW,SAD
37075,Graham,NC,LRN,GLD
37077,Granville,NC,SAW,SAD
37079,Greene,NC,SAW,SAD
37081,Guilford,NC,SAW,SAD
37083,Halifax,NC,SAW,SAD
37085,Harnett,NC,SAW,SAD
37087,Haywood,NC,LRN,GLD
37089,Henderson,NC,LRN,GLD
37091,Hertford,NC,SAW,NAD
37093,Hoke,NC,SAW,SAD
37095,Hyde,NC,SAW,SAD
37097,Iredell,NC,SAW,SAD
37099,Jackson,NC,LRN,GLD
37101,Johnston,NC,SAW,SAD
37103,Jones,NC,SAW,SAD
37105,Lee,NC,SAW,SAD
37107,Lenoir,NC,SAW,SAD
37109,Lincoln,NC,SAW,SAD
37111,McDowell,NC,LRN,SAD
37113,Macon,NC,LRN,GLD
37115,Madison,NC,LRN,GLD
37117,Martin,NC,SAW,SAD
37119,Mecklenburg,NC,SAW,SAD
37121,Mitchell,NC,LRN,GLD
37123,Montgomery,NC,SAW,SAD
37125,Moore,NC,SAW,SAD
37127,Nash,NC,SAW,SAD
37129,New Hanover,NC,SAW,SAD
37131,Northampton,NC,SAW,NAD
37133,Onslow,NC,SAW,SAD
37135,Orange,NC,SAW,SAD
37137,Pamlico,NC,SAW,SAD
37139,Pasquotank,NC,SAW,SAD
37141,Pender,NC,SAW,SAD
37143,Perquimans,NC,SAW,SAD
37145,Person,NC,SAW,SAD
37147,Pitt,NC,SAW,SAD
37149,Polk,NC,LRN,SAD
37151,Randolph,NC,SAW,SAD
37153,Richmond,NC,SAW,SAD
37155,Robeson,NC,SAW,SAD
37157,Rockingham,NC,SAW,SAD
37159,Rowan,NC,SAW,SAD
37161,Rutherford,NC,LRN,SAD
37163,Sampson,NC,SAW,SAD
37165,Scotland,NC,SAW,SAD
37167,Stanly,NC,SAW,SAD
37169,Stokes,NC,SAW,SAD
37171,Surry,NC,SAW,SAD
37173,Swain,NC,LRN,GLD
37175,Transylvania,NC,LRN,GLD
37177,Tyrrell,NC,SAW,SAD
37179,Union,NC,SAW,SAD
37181,Vance,NC,SAW,SAD
37183,Wake,NC,SAW,SAD
37185,Warren,NC,SAW,SAD
37187,Washington,NC,SAW,SAD
37189,Watauga,NC,SAW,GLD
37191,Wayne,NC,SAW,SAD
37193,Wilkes,NC,SAW,SAD
37195,Wilson,NC,SAW,SAD
37197,Yadkin,NC,SAW,SAD
37199,Yancey,NC,LRN,GLD
38001,Adams,ND,NWO,NWD
38003,Barnes,ND,MVP,MVD
38005,Benson,ND,MVP,MVD
38007,Billings,ND,NWO,NWD
38009,Bottineau,ND,MVP,MVD
38011,Bowman,ND,NWO,NWD
38013,Burke,ND,NWO,MVD
38015,Burleigh,ND,NWO,NWD
38017,Cass,ND,MVP,MVD
38019,Cavalier,ND,MVP,MVD
38021,Dickey,ND,NWO,NWD
38023,Divide,ND,NWO,MVD
38025,Dunn,ND,NWO,NWD
38027,Eddy,ND,NWO,MVD
38029,Emmons,ND,NWO,NWD
38031,Foster,ND,NWO,NWD
38033,Golden Valley,ND,NWO,NWD
38035,Grand Forks,ND,MVP,MVD
38037,Grant,ND,NWO,NWD
38039,Griggs,ND,MVP,MVD
38041,Hettinger,ND,NWO,NWD
38043,Kidder,ND,NWO,NWD
38045,LaMoure,ND,NWO,NWD
38047,Logan,ND,NWO,NWD
38049,McHenry,ND,MVP,MVD
38051,McIntosh,ND,NWO,NWD
38053,McKenzie,ND,NWO,NWD
38055,McLean,ND,NWO,NWD
38057,Mercer,ND,NWO,NWD
38059,Morton,ND,NWO,NWD
38061,Mountrail,ND,NWO,NWD
38063,Nelson,ND,MVP,MVD
38065,Oliver,ND,NWO,NWD
38067,Pembina,ND,MVP,MVD
38069,Pierce,ND,MVP,MVD
38071,Ramsey,ND,MVP,MVD
38073,Ransom,ND,NWO,MVD
38075,Renville,ND,NWO,MVD
38077,Richland,ND,NWO,MVD
38079,Rolette,ND,MVP,MVD
38081,Sargent,ND,NWO,MVD
38083,Sheridan,ND,NWO,MVD
38085,Sioux,ND,NWO,NWD
38087,Slope,ND,NWO,NWD
38089,Stark,ND,NWO,NWD
38091,Steele,ND,MVP,MVD
38093,Stutsman,ND,NWO,NWD
38095,Towner,ND,MVP,MVD
38097,Traill,ND,MVP,MVD
38099,Walsh,ND,MVP,MVD
38101,Ward,ND,NWO,MVD
38103,Wells,ND,NWO,NWD
38105,Williams,ND,NWO,NWD
39001,Adams,OH,LRH,GLD
39003,Allen,OH,LRB,GLD
39005,Ashland,OH,LRH,GLD
39007,Ashtabula,OH,LRB,GLD
39009,Athens,OH,LRH,GLD
39011,Auglaize,OH,LRL,GLD
39013,Belmont,OH,LRH,GLD
39015,Brown,OH,LRL,GLD
39017,Butler,OH,LRL,GLD
39019,Carroll,OH,LRP,GLD
39021,Champaign,OH,LRL,GLD
39023,Clark,OH,LRL,GLD
39025,Clermont,OH,LRL,GLD
39027,Clinton,OH,LRL,GLD
39029,Columbiana,OH,LRP,GLD
39031,Coshocton,OH,LRH,GLD
39033,Crawford,OH,LRB,GLD
39035,Cuyahoga,OH,LRB,GLD
39037,Darke,OH,LRL,GLD
39039,Defiance,OH,LRB,GLD
39041,Delaware,OH,LRH,GLD
39043,Erie,OH,LRB,GLD
39045,Fairfield,OH,LRH,GLD
39047,Fayette,OH,LRH,GLD
39049,Franklin,OH,LRH,GLD
39051,Fulton,OH,LRB,GLD
39053,Gallia,OH,LRH,GLD
39055,Geauga,OH,LRB,GLD
39057,Greene,OH,LRL,GLD
39059,Guernsey,OH,LRH,GLD
39061,Hamilton,OH,LRL,GLD
39063,Hancock,OH,LRB,GLD
39065,Hardin,OH,LRL,GLD
39067,Harrison,OH,LRP,GLD
39069,Henry,OH,LRB,GLD
39071,Highland,OH,LRL,GLD
39073,Hocking,OH,LRH,GLD
39075,Holmes,OH,LRH,GLD
39077,Huron,OH,LRB,GLD
39079,Jackson,OH,LRH,GLD
39081,Jefferson,OH,LRP,GLD
39083,Knox,OH,LRH,GLD
39085,Lake,OH,LRB,GLD
39087,Lawrence,OH,LRH,GLD
39089,Licking,OH,LRH,GLD
39091,Logan,OH,LRL,GLD
39093,Lorain,OH,LRB,GLD
39095,Lucas,OH,LRB,GLD
39097,Madison,OH,LRH,GLD
39099,Mahoning,OH,LRP,GLD
39101,Marion,OH,LRH,GLD
39103,Medina,OH,LRB,GLD
39105,Meigs,OH,LRH,GLD
39107,Mercer,OH,LRL,GLD
39109,Miami,OH,LRL,GLD
39111,Monroe,OH,LRH,GLD
39113,Montgomery,OH,LRL,GLD
39115,Morgan,OH,LRH,GLD
39117,Morrow,OH,LRH,GLD
39119,Muskingum,OH,LRH,GLD
39121,Noble,OH,LRH,GLD
39123,Ottawa,OH,LRB,GLD
39125,Paulding,OH,LRB,GLD
39127,Perry,OH,LRH,GLD
39129,Pickaway,OH,LRH,GLD
39131,Pike,OH,LRH,GLD
39133,Portage,OH,LRB,GLD
39135,Preble,OH,LRL,GLD
39137,Putnam,OH,LRB,GLD
39139,Richland,OH,LRH,GLD
39141,Ross,OH,LRH,GLD
39143,Sandusky,OH,LRB,GLD
39145,Scioto,OH,LRH,GLD
39147,Seneca,OH,LRB,GLD
39149,Shelby,OH,LRL,GLD
39151,Stark,OH,LRP,GLD
39153,Summit,OH,LRB,GLD
39155,Trumbull,OH,LRB,GLD
39157,Tuscarawas,OH,LRP,GLD
39159,Union,OH,LRH,GLD
39161,Van Wert,OH,LRB,GLD
39163,Vinton,OH,LRH,GLD
39165,Warren,OH,LRL,GLD
39167,Washington,OH,LRH,GLD
39169,Wayne,OH,LRH,GLD
39171,Williams,OH,LRB,GLD
39173,Wood,OH,LRB,GLD
39175,Wyandot,OH,LRB,GLD
40001,Adair,OK,SWT,SWD
40003,Alfalfa,OK,SWT,SWD
40005,Atoka,OK,SWT,SWD
40007,Beaver,OK,SWT,SWD
40009,Beckham,OK,SWT,SWD
40011,Blaine,OK,SWT,SWD
40013,Bryan,OK,SWT,SWD
40015,Caddo,OK,SWT,SWD
40017,Canadian,OK,SWT,SWD
40019,Carter,OK,SWT,SWD
40021,Cherokee,OK,SWT,SWD
40023,Choctaw,OK,SWT,SWD
40025,Cimarron,OK,SWT,SWD
40027,Cleveland,OK,SWT,SWD
40029,Coal,OK,SWT,SWD
40031,Comanche,OK,SWT,SWD
40033,Cotton,OK,SWT,SWD
40035,Craig,OK,SWT,SWD
40037,Creek,OK,SWT,SWD
40039,Custer,OK,SWT,SWD
40041,Delaware,OK,SWT,SWD
40043,Dewey,OK,SWT,SWD
40045,Ellis,OK,SWT,SWD
40047,Garfield,OK,SWT,SWD
40049,Garvin,OK,SWT,SWD
40051,Grady,OK,SWT,SWD
40053,Grant,OK,SWT,SWD
40055,Greer,OK,SWT,SWD
40057,Harmon,OK,SWT,SWD
40059,Harper,OK,SWT,SWD
40061,Haskell,OK,SWT,SWD
40063,Hughes,OK,SWT,SWD
40065,Jackson,OK,SWT,SWD
40067,Jefferson,OK,SWT,SWD
40069,Johnston,OK,SWT,SWD
40071,Kay,OK,SWT,SWD
40073,Kingfisher,OK,SWT,SWD
40075,Kiowa,OK,SWT,SWD
40077,Latimer,OK,SWT,SWD
40079,Le Flore,OK,SWT,SWD
40081,Lincoln,OK,SWT,SWD
40083,Logan,OK,SWT,SWD
40085,Love,OK,SWT,SWD
40087,McClain,OK,SWT,SWD
40089,McCurtain,OK,SWT,SWD
40091,McIntosh,OK,SWT,SWD
40093,Major,OK,SWT,SWD
40095,Marshall,OK,SWT,SWD
40097,Mayes,OK,SWT,SWD
40099,Murray,OK,SWT,SWD
40101,Muskogee,OK,SWT,SWD
40103,Noble,OK,SWT,SWD
40105,NWOata,OK,SWT,SWD
40107,Okfuskee,OK,SWT,SWD
40109,Oklahoma,OK,SWT,SWD
40111,Okmulgee,OK,SWT,SWD
40113,Osage,OK,SWT,SWD
40115,Ottawa,OK,SWT,SWD
40117,Pawnee,OK,SWT,SWD
40119,Payne,OK,SWT,SWD
40121,Pittsburg,OK,SWT,SWD
40123,Pontotoc,OK,SWT,SWD
40125,Pottawatomie,OK,SWT,SWD
40127,Pushmataha,OK,SWT,SWD
40129,Roger Mills,OK,SWT,SWD
40131,Rogers,OK,SWT,SWD
40133,Seminole,OK,SWT,SWD
40135,Sequoyah,OK,SWT,SWD
40137,Stephens,OK,SWT,SWD
40139,Texas,OK,SWT,SWD
40141,Tillman,OK,SWT,SWD
40143,Tulsa,OK,SWT,SWD
40145,Wagoner,OK,SWT,SWD
40147,Washington,OK,SWT,SWD
40149,Washita,OK,SWT,SWD
40151,Woods,OK,SWT,SWD
40153,Woodward,OK,SWT,SWD
41001,Baker,OR,NWW,NWD
41003,Benton,OR,NWP,NWD
41005,Clackamas,OR,NWP,NWD
41007,Clatsop,OR,NWP,NWD
41009,Columbia,OR,NWP,NWD
41011,Coos,OR,NWP,NWD
41013,Crook,OR,NWP,NWD
41015,Curry,OR,NWP,NWD
41017,Deschutes,OR,NWP,NWD
41019,Douglas,OR,NWP,NWD
41021,Gilliam,OR,NWP,NWD
41023,Grant,OR,NWW,NWD
41025,Harney,OR,NWP,NWD
41027,Hood River,OR,NWP,NWD
41029,Jackson,OR,NWP,NWD
41031,Jefferson,OR,NWP,NWD
41033,Josephine,OR,NWP,NWD
41035,Klamath,OR,SPN,SPD
41037,Lake,OR,NWP,NWD
41039,Lane,OR,NWP,NWD
41041,Lincoln,OR,NWP,NWD
41043,Linn,OR,NWP,NWD
41045,Malheur,OR,NWW,NWD
41047,Marion,OR,NWP,NWD
41049,Morrow,OR,NWP,NWD
41051,Multnomah,OR,NWP,NWD
41053,Polk,OR,NWP,NWD
41055,Sherman,OR,NWP,NWD
41057,Tillamook,OR,NWP,NWD
41059,Umatilla,OR,NWP,NWD
41061,Union,OR,NWW,NWD
41063,Wallowa,OR,NWW,NWD
41065,Wasco,OR,NWP,NWD
41067,Washington,OR,NWP,NWD
41069,Wheeler,OR,NWP,NWD
41071,Yamhill,OR,NWP,NWD
42001,Adams,PA,NAB,NAD
42003,Allegheny,PA,LRP,GLD
42005,Armstrong,PA,LRP,GLD
42007,Beaver,PA,LRP,GLD
42009,Bedford,PA,NAB,NAD
42011,Berks,PA,NAP,NAD
42013,Blair,PA,NAB,NAD
42015,Bradford,PA,NAB,NAD
42017,Bucks,PA,NAP,NAD
42019,Butler,PA,LRP,GLD
42021,Cambria,PA,NAB,GLD
42023,Cameron,PA,NAB,NAD
42025,Carbon,PA,NAP,NAD
42027,Centre,PA,NAB,NAD
42029,Chester,PA,NAP,NAD
42031,Clarion,PA,LRP,GLD
42033,Clearfield,PA,NAB,NAD
42035,Clinton,PA,NAB,NAD
42037,Columbia,PA,NAB,NAD
42039,Crawford,PA,LRP,GLD
42041,Cumberland,PA,NAB,NAD
42043,Dauphin,PA,NAB,NAD
42045,Delaware,PA,NAP,NAD
42047,Elk,PA,NAB,GLD
42049,Erie,PA,LRP,GLD
42051,Fayette,PA,LRP,GLD
42053,Forest,PA,LRP,GLD
42055,Franklin,PA,NAB,NAD
42057,Fulton,PA,NAB,NAD
42059,Greene,PA,LRP,GLD
42061,Huntingdon,PA,NAB,NAD
42063,Indiana,PA,LRP,GLD
42065,Jefferson,PA,LRP,GLD
42067,Juniata,PA,NAB,NAD
42069,Lackawanna,PA,NAP,NAD
42071,Lancaster,PA,NAP,NAD
42073,Lawrence,PA,LRP,GLD
42075,Lebanon,PA,NAP,NAD
42077,Lehigh,PA,NAP,NAD
42079,Luzerne,PA,NAP,NAD
42081,Lycoming,PA,NAB,NAD
42083,McKean,PA,LRP,GLD
42085,Mercer,PA,LRP,GLD
42087,Mifflin,PA,NAB,NAD
42089,Monroe,PA,NAP,NAD
42091,Montgomery,PA,NAP,NAD
42093,Montour,PA,NAB,NAD
42095,Northampton,PA,NAP,NAD
42097,Northumberland,PA,NAB,NAD
42099,Perry,PA,NAB,NAD
42101,Philadelphia,PA,NAP,NAD
42103,Pike,PA,NAP,NAD
42105,Potter,PA,LRP,NAD
42107,Schuylkill,PA,NAP,NAD
42109,Snyder,PA,NAB,NAD
42111,Somerset,PA,LRP,GLD
42113,Sullivan,PA,NAB,NAD
42115,Susquehanna,PA,NAB,NAD
42117,Tioga,PA,NAB,NAD
42119,Union,PA,NAB,NAD
42121,Venango,PA,LRP,GLD
42123,Warren,PA,LRP,GLD
42125,Washington,PA,LRP,GLD
42127,Wayne,PA,NAP,NAD
42129,Westmoreland,PA,LRP,GLD
42131,Wyoming,PA,NAB,NAD
42133,York,PA,NAB,NAD
44001,Bristol,RI,NAE,NAD
44003,Kent,RI,NAE,NAD
44005,Newport,RI,NAE,NAD
44007,Providence,RI,NAE,NAD
44009,Washington,RI,NAE,NAD
45001,Abbeville,SC,SAC,SAD
45003,Aiken,SC,SAC,SAD
45005,Allendale,SC,SAC,SAD
45007,Anderson,SC,SAC,SAD
45009,Bamberg,SC,SAC,SAD
45011,Barnwell,SC,SAC,SAD
45013,Beaufort,SC,SAC,SAD
45015,Berkeley,SC,SAC,SAD
45017,Calhoun,SC,SAC,SAD
45019,Charleston,SC,SAC,SAD
45021,Cherokee,SC,SAC,SAD
45023,Chester,SC,SAC,SAD
45025,Chesterfield,SC,SAC,SAD
45027,Clarendon,SC,SAC,SAD
45029,Colleton,SC,SAC,SAD
45031,Darlington,SC,SAC,SAD
45033,Dillon,SC,SAC,SAD
45035,Dorchester,SC,SAC,SAD
45037,Edgefield,SC,SAC,SAD
45039,Fairfield,SC,SAC,SAD
45041,Florence,SC,SAC,SAD
45043,Georgetown,SC,SAC,SAD
45045,Greenville,SC,SAC,SAD
45047,Greenwood,SC,SAC,SAD
45049,Hampton,SC,SAC,SAD
45051,Horry,SC,SAC,SAD
45053,Jasper,SC,SAC,SAD
45055,Kershaw,SC,SAC,SAD
45057,Lancaster,SC,SAC,SAD
45059,Laurens,SC,SAC,SAD
45061,Lee,SC,SAC,SAD
45063,Lexington,SC,SAC,SAD
45065,McCormick,SC,SAC,SAD
45067,Marion,SC,SAC,SAD
45069,Marlboro,SC,SAC,SAD
45071,Newberry,SC,SAC,SAD
45073,Oconee,SC,SAC,SAD
45075,Orangeburg,SC,SAC,SAD
45077,Pickens,SC,SAC,SAD
45079,Richland,SC,SAC,SAD
45081,Saluda,SC,SAC,SAD
45083,Spartanburg,SC,SAC,SAD
45085,Sumter,SC,SAC,SAD
45087,Union,SC,SAC,SAD
45089,Williamsburg,SC,SAC,SAD
45091,York,SC,SAC,SAD
46003,Aurora,SD,NWO,NWD
46005,Beadle,SD,NWO,NWD
46007,Bennett,SD,NWO,NWD
46009,Bon Homme,SD,NWO,NWD
46011,Brookings,SD,NWO,NWD
46013,Brown,SD,NWO,NWD
46015,Brule,SD,NWO,NWD
46017,Buffalo,SD,NWO,NWD
46019,Butte,SD,NWO,NWD
46021,Campbell,SD,NWO,NWD
46023,Charles Mix,SD,NWO,NWD
46025,Clark,SD,NWO,NWD
46027,Clay,SD,NWO,NWD
46029,Codington,SD,NWO,NWD
46031,Corson,SD,NWO,NWD
46033,Custer,SD,NWO,NWD
46035,Davison,SD,NWO,NWD
46037,Day,SD,NWO,NWD
46039,Deuel,SD,NWO,MVD
46041,Dewey,SD,NWO,NWD
46043,Douglas,SD,NWO,NWD
46045,Edmunds,SD,NWO,NWD
46047,Fall River,SD,NWO,NWD
46049,Faulk,SD,NWO,NWD
46051,Grant,SD,NWO,MVD
46053,Gregory,SD,NWO,NWD
46055,Haakon,SD,NWO,NWD
46057,Hamlin,SD,NWO,NWD
46059,Hand,SD,NWO,NWD
46061,Hanson,SD,NWO,NWD
46063,Harding,SD,NWO,NWD
46065,Hughes,SD,NWO,NWD
46067,Hutchinson,SD,NWO,NWD
46069,Hyde,SD,NWO,NWD
46071,Jackson,SD,NWO,NWD
46073,Jerauld,SD,NWO,NWD
46075,Jones,SD,NWO,NWD
46077,Kingsbury,SD,NWO,NWD
46079,Lake,SD,NWO,NWD
46081,Lawrence,SD,NWO,NWD
46083,Lincoln,SD,NWO,NWD
46085,Lyman,SD,NWO,NWD
46087,McCook,SD,NWO,NWD
46089,McPherson,SD,NWO,NWD
46091,Marshall,SD,NWO,NWD
46093,Meade,SD,NWO,NWD
46095,Mellette,SD,NWO,NWD
46097,Miner,SD,NWO,NWD
46099,Minnehaha,SD,NWO,NWD
46101,Moody,SD,NWO,NWD
46103,Pennington,SD,NWO,NWD
46105,Perkins,SD,NWO,NWD
46107,Potter,SD,NWO,NWD
46109,Roberts,SD,NWO,MVD
46111,Sanborn,SD,NWO,NWD
46113,Shannon,SD,NWO,NWD
46115,Spink,SD,NWO,NWD
46117,Stanley,SD,NWO,NWD
46119,Sully,SD,NWO,NWD
46121,Todd,SD,NWO,NWD
46123,Tripp,SD,NWO,NWD
46125,Turner,SD,NWO,NWD
46127,Union,SD,NWO,NWD
46129,Walworth,SD,NWO,NWD
46135,Yankton,SD,NWO,NWD
46137,Ziebach,SD,NWO,NWD
47001,Anderson,TN,LRN,GLD
47003,Bedford,TN,LRN,GLD
47005,Benton,TN,LRN,GLD
47007,Bledsoe,TN,LRN,GLD
47009,Blount,TN,LRN,GLD
47011,Bradley,TN,LRN,GLD
47013,Campbell,TN,LRN,GLD
47015,Cannon,TN,LRN,GLD
47017,Carroll,TN,MVM,GLD
47019,Carter,TN,LRN,GLD
47021,Cheatham,TN,LRN,GLD
47023,Chester,TN,MVM,GLD
47025,Claiborne,TN,LRN,GLD
47027,Clay,TN,LRN,GLD
47029,Cocke,TN,LRN,GLD
47031,Coffee,TN,LRN,GLD
47033,Crockett,TN,MVM,GLD
47035,Cumberland,TN,LRN,GLD
47037,Davidson,TN,LRN,GLD
47039,Decatur,TN,LRN,GLD
47041,DeKalb,TN,LRN,GLD
47043,Dickson,TN,LRN,GLD
47045,Dyer,TN,MVM,GLD
47047,Fayette,TN,MVM,GLD
47049,Fentress,TN,LRN,GLD
47051,Franklin,TN,LRN,GLD
47053,Gibson,TN,MVM,GLD
47055,Giles,TN,LRN,GLD
47057,Grainger,TN,LRN,GLD
47059,Greene,TN,LRN,GLD
47061,Grundy,TN,LRN,GLD
47063,Hamblen,TN,LRN,GLD
47065,Hamilton,TN,LRN,GLD
47067,Hancock,TN,LRN,GLD
47069,Hardeman,TN,MVM,GLD
47071,Hardin,TN,LRN,GLD
47073,Hawkins,TN,LRN,GLD
47075,Haywood,TN,MVM,GLD
47077,Henderson,TN,MVM,GLD
47079,Henry,TN,MVM,GLD
47081,Hickman,TN,LRN,GLD
47083,Houston,TN,LRN,GLD
47085,Humphreys,TN,LRN,GLD
47087,Jackson,TN,LRN,GLD
47089,Jefferson,TN,LRN,GLD
47091,Johnson,TN,LRN,GLD
47093,Knox,TN,LRN,GLD
47095,Lake,TN,MVM,GLD
47097,Lauderdale,TN,MVM,GLD
47099,Lawrence,TN,LRN,GLD
47101,Lewis,TN,LRN,GLD
47103,Lincoln,TN,LRN,GLD
47105,Loudon,TN,LRN,GLD
47107,McMinn,TN,LRN,GLD
47109,McNairy,TN,MVM,GLD
47111,Macon,TN,LRN,GLD
47113,Madison,TN,MVM,GLD
47115,Marion,TN,LRN,GLD
47117,Marshall,TN,LRN,GLD
47119,Maury,TN,LRN,GLD
47121,Meigs,TN,LRN,GLD
47123,Monroe,TN,LRN,GLD
47125,Montgomery,TN,LRN,GLD
47127,Moore,TN,LRN,GLD
47129,Morgan,TN,LRN,GLD
47131,Obion,TN,MVM,GLD
47133,Overton,TN,LRN,GLD
47135,Perry,TN,LRN,GLD
47137,Pickett,TN,LRN,GLD
47139,Polk,TN,LRN,GLD
47141,Putnam,TN,LRN,GLD
47143,Rhea,TN,LRN,GLD
47145,Roane,TN,LRN,GLD
47147,Robertson,TN,LRN,GLD
47149,Rutherford,TN,LRN,GLD
47151,Scott,TN,LRN,GLD
47153,Sequatchie,TN,LRN,GLD
47155,Sevier,TN,LRN,GLD
47157,Shelby,TN,MVM,GLD
47159,Smith,TN,LRN,GLD
47161,Stewart,TN,LRN,GLD
47163,Sullivan,TN,LRN,GLD
47165,Sumner,TN,LRN,GLD
47167,Tipton,TN,MVM,GLD
47169,Trousdale,TN,LRN,GLD
47171,Unicoi,TN,LRN,GLD
47173,Union,TN,LRN,GLD
47175,Van Buren,TN,LRN,GLD
47177,Warren,TN,LRN,GLD
47179,Washington,TN,LRN,GLD
47181,Wayne,TN,LRN,GLD
47183,Weakley,TN,MVM,GLD
47185,White,TN,LRN,GLD
47187,Williamson,TN,LRN,GLD
47189,Wilson,TN,LRN,GLD
48001,Anderson,TX,SWF,SWD
48003,Andrews,TX,SWT,SWD
48005,Angelina,TX,SWF,SWD
48007,Aransas,TX,SWG,SWD
48009,Archer,TX,SWF,SWD
48011,Armstrong,TX,SWT,SWD
48013,Atascosa,TX,SWG,SWD
48015,Austin,TX,SWG,SWD
48017,Bailey,TX,SWT,SWD
48019,Bandera,TX,SWF,SWD
48021,Bastrop,TX,SWG,SWD
48023,Baylor,TX,SWF,SWD
48025,Bee,TX,SWG,SWD
48027,Bell,TX,SWF,SWD
48029,Bexar,TX,SWG,SWD
48031,Blanco,TX,SWF,SWD
48033,Borden,TX,SWF,SWD
48035,Bosque,TX,SWF,SWD
48037,Bowie,TX,SWF,SWD
48039,Brazoria,TX,SWG,SWD
48041,Brazos,TX,SWF,SWD
48043,Brewster,TX,SPA,SPD
48045,Briscoe,TX,SWT,SWD
48047,Brooks,TX,SWG,SWD
48049,Brown,TX,SWF,SWD
48051,Burleson,TX,SWG,SWD
48053,Burnet,TX,SWF,SWD
48055,Caldwell,TX,SWG,SWD
48057,Calhoun,TX,SWG,SWD
48059,Callahan,TX,SWF,SWD
48061,Cameron,TX,SWG,SWD
48063,Camp,TX,SWF,SWD
48065,Carson,TX,SWT,SWD
48067,Cass,TX,SWF,SWD
48069,Castro,TX,SWT,SWD
48071,Chambers,TX,SWG,SWD
48073,Cherokee,TX,SWF,SWD
48075,Childress,TX,SWF,SWD
48077,Clay,TX,SWF,SWD
48079,Cochran,TX,SWT,SWD
48081,Coke,TX,SWF,SWD
48083,Coleman,TX,SWF,SWD
48085,Collin,TX,SWF,SWD
48087,Collingsworth,TX,SWF,SWD
48089,Colorado,TX,SWG,SWD
48091,Comal,TX,SWG,SWD
48093,Comanche,TX,SWF,SWD
48095,Concho,TX,SWF,SWD
48097,Cooke,TX,SWF,SWD
48099,Coryell,TX,SWF,SWD
48101,Cottle,TX,SWF,SWD
48103,Crane,TX,SPA,SPD
48105,Crockett,TX,SWF,SPD
48107,Crosby,TX,SWT,SWD
48109,Culberson,TX,SPA,SPD
48111,Dallam,TX,SWT,SWD
48113,Dallas,TX,SWF,SWD
48115,Dawson,TX,SWT,SWD
48117,Deaf Smith,TX,SWT,SWD
48119,Delta,TX,SWT,SWD
48121,Denton,TX,SWF,SWD
48123,DeWitt,TX,SWG,SWD
48125,Dickens,TX,SWF,SWD
48127,Dimmit,TX,SWG,SWD
48129,Donley,TX,SWF,SWD
48131,Duval,TX,SWG,SWD
48133,Eastland,TX,SWF,SWD
48135,Ector,TX,SPA,SWD
48137,Edwards,TX,SWF,SWD
48139,Ellis,TX,SWF,SWD
48141,El Paso,TX,SPA,SPD
48143,Erath,TX,SWF,SWD
48145,Falls,TX,SWF,SWD
48147,Fannin,TX,SWT,SWD
48149,Fayette,TX,SWG,SWD
48151,Fisher,TX,SWF,SWD
48153,Floyd,TX,SWT,SWD
48155,Foard,TX,SWF,SWD
48157,Fort Bend,TX,SWG,SWD
48159,Franklin,TX,SWF,SWD
48161,Freestone,TX,SWF,SWD
48163,Frio,TX,SWG,SWD
48165,Gaines,TX,SWT,SWD
48167,Galveston,TX,SWG,SWD
48169,Garza,TX,SWF,SWD
48171,Gillespie,TX,SWF,SWD
48173,Glasscock,TX,SWT,SWD
48175,Goliad,TX,SWG,SWD
48177,Gonzales,TX,SWG,SWD
48179,Gray,TX,SWT,SWD
48181,Grayson,TX,SWF,SWD
48183,Gregg,TX,SWF,SWD
48185,Grimes,TX,SWF,SWD
48187,Guadalupe,TX,SWG,SWD
48189,Hale,TX,SWT,SWD
48191,Hall,TX,SWF,SWD
48193,Hamilton,TX,SWF,SWD
48195,Hansford,TX,SWT,SWD
48197,Hardeman,TX,SWF,SWD
48199,Hardin,TX,SWF,SWD
48201,Harris,TX,SWG,SWD
48203,Harrison,TX,SWF,SWD
48205,Hartley,TX,SWT,SWD
48207,Haskell,TX,SWF,SWD
48209,Hays,TX,SWG,SWD
48211,Hemphill,TX,SWT,SWD
48213,Henderson,TX,SWF,SWD
48215,Hidalgo,TX,SWG,SWD
48217,Hill,TX,SWF,SWD
48219,Hockley,TX,SWT,SWD
48221,Hood,TX,SWF,SWD
48223,Hopkins,TX,SWF,SWD
48225,Houston,TX,SWF,SWD
48227,Howard,TX,SWT,SWD
48229,Hudspeth,TX,SPA,SPD
48231,Hunt,TX,SWF,SWD
48233,Hutchinson,TX,SWT,SWD
48235,Irion,TX,SWF,SWD
48237,Jack,TX,SWF,SWD
48239,Jackson,TX,SWG,SWD
48241,Jasper,TX,SWF,SWD
48243,Jeff Davis,TX,SPA,SPD
48245,Jefferson,TX,SWG,SWD
48247,Jim Hogg,TX,SWG,SWD
48249,Jim Wells,TX,SWG,SWD
48251,Johnson,TX,SWF,SWD
48253,Jones,TX,SWF,SWD
48255,Karnes,TX,SWG,SWD
48257,Kaufman,TX,SWF,SWD
48259,Kendall,TX,SWF,SWD
48261,Kenedy,TX,SWG,SWD
48263,Kent,TX,SWF,SWD
48265,Kerr,TX,SWF,SWD
48267,Kimble,TX,SWF,SWD
48269,King,TX,SWF,SWD
48271,Kinney,TX,SWF,SWD
48273,Kleberg,TX,SWG,SWD
48275,Knox,TX,SWF,SWD
48277,Lamar,TX,SWT,SWD
48279,Lamb,TX,SWT,SWD
48281,Lampasas,TX,SWF,SWD
48283,La Salle,TX,SWG,SWD
48285,Lavaca,TX,SWG,SWD
48287,Lee,TX,SWG,SWD
48289,Leon,TX,SWF,SWD
48291,Liberty,TX,SWG,SWD
48293,Limestone,TX,SWF,SWD
48295,Lipscomb,TX,SWT,SWD
48297,Live Oak,TX,SWG,SWD
48299,Llano,TX,SWF,SWD
48301,Loving,TX,SPA,SPD
48303,Lubbock,TX,SWT,SWD
48305,Lynn,TX,SWT,SWD
48307,McCulloch,TX,SWF,SWD
48309,McLennan,TX,SWF,SWD
48311,McMullen,TX,SWG,SWD
48313,Madison,TX,SWF,SWD
48315,Marion,TX,SWF,SWD
48317,Martin,TX,SWT,SWD
48319,Mason,TX,SWF,SWD
48321,Matagorda,TX,SWG,SWD
48323,Maverick,TX,SWG,SWD
48325,Medina,TX,SWG,SWD
48327,Menard,TX,SWF,SWD
48329,Midland,TX,SWT,SWD
48331,Milam,TX,SWF,SWD
48333,Mills,TX,SWT,SWD
48335,Mitchell,TX,SWF,SWD
48337,Montague,TX,SWF,SWD
48339,Montgomery,TX,SWF,SWD
48341,Moore,TX,SWT,SWD
48343,Morris,TX,SWF,SWD
48345,Motley,TX,SWF,SWD
48347,Nacogdoches,TX,SWF,SWD
48349,Navarro,TX,SWF,SWD
48351,Newton,TX,SWF,SWD
48353,Nolan,TX,SWF,SWD
48355,Nueces,TX,SWG,SWD
48357,Ochiltree,TX,SWT,SWD
48359,Oldham,TX,SWT,SWD
48361,Orange,TX,SWG,SWD
48363,Palo Pinto,TX,SWF,SWD
48365,Panola,TX,SWF,SWD
48367,Parker,TX,SWF,SWD
48369,Parmer,TX,SWT,SWD
48371,Pecos,TX,SPA,SPD
48373,Polk,TX,SWF,SWD
48375,Potter,TX,SWT,SWD
48377,Presidio,TX,SPA,SPD
48379,Rains,TX,SWF,SWD
48381,Randall,TX,SWT,SWD
48383,Reagan,TX,SWF,SWD
48385,Real,TX,SWF,SWD
48387,Red River,TX,SWF,SWD
48389,Reeves,TX,SPA,SPD
48391,Refugio,TX,SWG,SWD
48393,Roberts,TX,SWT,SWD
48395,Robertson,TX,SWF,SWD
48397,Rockwall,TX,SWF,SWD
48399,Runnels,TX,SWF,SWD
48401,Rusk,TX,SWF,SWD
48403,Sabine,TX,SWF,SWD
48405,San Augustine,TX,SWF,SWD
48407,San Jacinto,TX,SWF,SWD
48409,San Patricio,TX,SWG,SWD
48411,San Saba,TX,SWF,SWD
48413,Schleicher,TX,SWF,SWD
48415,Scurry,TX,SWF,SWD
48417,Shackelford,TX,SWF,SWD
48419,Shelby,TX,SWF,SWD
48421,Sherman,TX,SWT,SWD
48423,Smith,TX,SWF,SWD
48425,Somervell,TX,SWT,SWD
48427,Starr,TX,SWG,SWD
48429,Stephens,TX,SWF,SWD
48431,Sterling,TX,SWF,SWD
48433,Stonewall,TX,SWF,SWD
48435,Sutton,TX,SWF,SWD
48437,Swisher,TX,SWT,SWD
48439,Tarrant,TX,SWF,SWD
48441,Taylor,TX,SWF,SWD
48443,Terrell,TX,SPA,SPD
48445,Terry,TX,SWT,SWD
48447,Throckmorton,TX,SWF,SWD
48449,Titus,TX,SWF,SWD
48451,Tom Green,TX,SWF,SWD
48453,Travis,TX,SWG,SWD
48455,Trinity,TX,SWF,SWD
48457,Tyler,TX,SWF,SWD
48459,Upshur,TX,SWF,SWD
48461,Upton,TX,SWF,SPD
48463,Uvalde,TX,SWF,SWD
48465,Val Verde,TX,SWF,SWD
48467,Van Zandt,TX,SWF,SWD
48469,Victoria,TX,SWG,SWD
48471,Walker,TX,SWF,SWD
48473,Waller,TX,SWF,SWD
48475,Ward,TX,SPA,SPD
48477,Washington,TX,SWG,SWD
48479,Webb,TX,SWG,SWD
48481,Wharton,TX,SWG,SWD
48483,Wheeler,TX,SWF,SWD
48485,Wichita,TX,SWF,SWD
48487,Wilbarger,TX,SWF,SWD
48489,Willacy,TX,SWG,SWD
48491,Williamson,TX,SWF,SWD
48493,Wilson,TX,SWG,SWD
48495,Winkler,TX,SPA,SPD
48497,Wise,TX,SWF,SWD
48499,Wood,TX,SWF,SWD
48501,Yoakum,TX,SWT,SWD
48503,Young,TX,SWF,SWD
48505,Zapata,TX,SWG,SWD
48507,Zavala,TX,SWG,SWD
49001,Beaver,UT,SPK,SPD
49003,Box Elder,UT,SPK,SPD
49005,Cache,UT,SPK,SPD
49007,Carbon,UT,SPK,SPD
49009,Daggett,UT,SPK,SPD
49011,Davis,UT,SPK,SPD
49013,Duchesne,UT,SPK,SPD
49015,Emery,UT,SPK,SPD
49017,Garfield,UT,SPK,SPD
49019,Grand,UT,SPK,SPD
49021,Iron,UT,SPK,SPD
49023,Juab,UT,SPK,SPD
49025,Kane,UT,SPK,SPD
49027,Millard,UT,SPK,SPD
49029,Morgan,UT,SPK,SPD
49031,Piute,UT,SPK,SPD
49033,Rich,UT,SPK,SPD
49035,Salt Lake,UT,SPK,SPD
49037,San Juan,UT,SPK,SPD
49039,Sanpete,UT,SPK,SPD
49041,Sevier,UT,SPK,SPD
49043,Summit,UT,SPK,SPD
49045,Tooele,UT,SPK,SPD
49047,Uintah,UT,SPK,SPD
49049,Utah,UT,SPK,SPD
49051,Wasatch,UT,SPK,SPD
49053,Washington,UT,SPK,SPD
49055,Wayne,UT,SPK,SPD
49057,Weber,UT,SPK,SPD
50001,Addison,VT,NAN,NAD
50003,Bennington,VT,NAN,NAD
50005,Caledonia,VT,NAN,NAD
50007,Chittenden,VT,NAN,NAD
50009,Essex,VT,NAN,NAD
50011,Franklin,VT,NAN,NAD
50013,Grand Isle,VT,NAN,NAD
50015,Lamoille,VT,NAN,NAD
50017,Orange,VT,NAN,NAD
50019,Orleans,VT,NAN,NAD
50021,Rutland,VT,NAN,NAD
50023,Washington,VT,NAN,NAD
50025,Windham,VT,NAE,NAD
50027,Windsor,VT,NAE,NAD
51001,Accomack,VA,NAO,NAD
51003,Albemarle,VA,SAW,NAD
51005,Alleghany,VA,NAO,NAD
51007,Amelia,VA,NAO,NAD
51009,Amherst,VA,SAW,NAD
51011,Appomattox,VA,SAW,NAD
51013,Arlington,VA,NAB,NAD
51015,Augusta,VA,NAO,NAD
51017,Bath,VA,NAO,NAD
51019,Bedford,VA,SAW,SAD
51021,Bland,VA,LRN,GLD
51023,Botetourt,VA,NAO,NAD
51025,Brunswick,VA,NAO,NAD
51027,Buchanan,VA,LRN,GLD
51029,Buckingham,VA,NAO,NAD
51031,Campbell,VA,SAW,SAD
51033,Caroline,VA,NAO,NAD
51035,Carroll,VA,LRN,GLD
51036,Charles City,VA,NAO,NAD
51037,Charlotte,VA,SAW,SAD
51041,Chesterfield,VA,NAO,NAD
51043,Clarke,VA,NAB,NAD
51045,Craig,VA,NAO,NAD
51047,Culpeper,VA,NAB,NAD
51049,Cumberland,VA,NAO,NAD
51051,Dickenson,VA,LRN,GLD
51053,Dinwiddie,VA,NAO,NAD
51057,Essex,VA,NAO,NAD
51059,Fairfax,VA,NAB,NAD
51061,Fauquier,VA,NAB,NAD
51063,Floyd,VA,LRN,GLD
51065,Fluvanna,VA,NAO,NAD
51067,Franklin,VA,SAW,SAD
51069,Frederick,VA,NAB,NAD
51071,Giles,VA,LRN,GLD
51073,Gloucester,VA,NAO,NAD
51075,Goochland,VA,NAO,NAD
51077,Grayson,VA,LRN,GLD
51079,Greene,VA,NAB,NAD
51081,Greensville,VA,NAO,NAD
51083,Halifax,VA,SAW,SAD
51085,Hanover,VA,NAO,NAD
51087,Henrico,VA,NAO,NAD
51089,Henry,VA,SAW,SAD
51091,Highland,VA,NAO,NAD
51093,Isle of Wight,VA,NAO,NAD
51095,James City,VA,NAO,NAD
51097,King and Queen,VA,NAO,NAD
51099,King George,VA,NAO,NAD
51101,King William,VA,NAO,NAD
51103,Lancaster,VA,NAO,NAD
51105,Lee,VA,LRN,GLD
51107,Loudoun,VA,NAB,NAD
51109,Louisa,VA,NAO,NAD
51111,Lunenburg,VA,NAO,NAD
51113,Madison,VA,NAB,NAD
51115,Mathews,VA,NAO,NAD
51117,Mecklenburg,VA,NAO,SAD
51119,Middlesex,VA,NAO,NAD
51121,Montgomery,VA,LRN,SAD
51125,Nelson,VA,SAW,NAD
51127,New Kent,VA,NAO,NAD
51131,Northampton,VA,NAO,NAD
51133,Northumberland,VA,NAO,NAD
51135,Nottoway,VA,NAO,NAD
51137,Orange,VA,NAB,NAD
51139,Page,VA,NAB,NAD
51141,Patrick,VA,SAW,SAD
51143,Pittsylvania,VA,SAW,SAD
51145,Powhatan,VA,NAO,NAD
51147,Prince Edward,VA,NAO,NAD
51149,Prince George,VA,NAO,NAD
51153,Prince William,VA,NAB,NAD
51155,Pulaski,VA,LRN,GLD
51157,Rappahannock,VA,NAB,NAD
51159,Richmond,VA,NAO,NAD
51161,Roanoke,VA,NAO,SAD
51163,Rockbridge,VA,NAO,NAD
51165,Rockingham,VA,NAO,NAD
51167,Russell,VA,LRN,GLD
51169,Scott,VA,LRN,GLD
51171,Shenandoah,VA,NAB,NAD
51173,Smyth,VA,LRN,GLD
51175,Southampton,VA,NAO,NAD
51177,Spotsylvania,VA,NAO,NAD
51179,Stafford,VA,NAO,NAD
51181,Surry,VA,NAO,NAD
51183,Sussex,VA,NAO,NAD
51185,Tazewell,VA,LRN,NAD
51187,Warren,VA,NAB,NAD
51191,Washington,VA,LRN,GLD
51193,Westmoreland,VA,NAO,NAD
51195,Wise,VA,LRN,GLD
51197,Wythe,VA,LRN,GLD
51199,York,VA,NAO,NAD
51510,Alexandria,VA,NAB,NAD
51515,Bedford,VA,SAW,SAD
51520,Bristol,VA,LRN,GLD
51530,Buena Vista,VA,NAO,NAD
51540,Charlottesville,VA,SAW,NAD
51550,Chesapeake,VA,NAO,NAD
51570,Colonial Heights,VA,NAO,NAD
51580,Covington,VA,NAO,NAD
51590,Danville,VA,SAW,SAD
51595,Emporia,VA,NAO,NAD
51600,Fairfax,VA,NAB,NAD
51610,Falls Church,VA,NAB,NAD
51620,Franklin,VA,NAO,NAD
51630,Fredericksburg,VA,NAO,NAD
51640,Galax,VA,LRN,GLD
51650,Hampton,VA,NAO,NAD
51660,Harrisonburg,VA,NAO,NAD
51670,Hopewell,VA,NAO,NAD
51678,Lexington,VA,NAO,NAD
51680,Lynchburg,VA,SAW,NAD
51683,Manassas,VA,NAB,NAD
51685,Manassas Park,VA,NAB,NAD
51690,Martinsville,VA,SAW,SAD
51700,Newport News,VA,NAO,NAD
51710,Norfolk,VA,NAO,NAD
51720,Norton,VA,LRN,GLD
51730,Petersburg,VA,NAO,NAD
51735,Poquoson,VA,NAO,NAD
51740,Portsmouth,VA,NAO,NAD
51750,Radford,VA,LRN,GLD
51760,Richmond,VA,NAO,NAD
51770,Roanoke,VA,NAO,SAD
51775,Salem,VA,NAO,SAD
51790,Staunton,VA,NAO,NAD
51800,Suffolk,VA,NAO,NAD
51810,Virginia Beach,VA,NAO,NAD
51820,Waynesboro,VA,NAO,NAD
51830,Williamsburg,VA,NAO,NAD
51840,Winchester,VA,NAB,NAD
53001,Adams,WA,NWS,NWD
53003,Asotin,WA,NWW,NWD
53005,Benton,WA,NWS,NWD
53007,Chelan,WA,NWS,NWD
53009,Clallam,WA,NWS,NWD
53011,Clark,WA,NWS,NWD
53013,Columbia,WA,NWW,NWD
53015,Cowlitz,WA,NWS,NWD
53017,Douglas,WA,NWS,NWD
53019,Ferry,WA,NWS,NWD
53021,Franklin,WA,NWS,NWD
53023,Garfield,WA,NWW,NWD
53025,Grant,WA,NWS,NWD
53027,Grays Harbor,WA,NWS,NWD
53029,Island,WA,NWS,NWD
53031,Jefferson,WA,NWS,NWD
53033,King,WA,NWS,NWD
53035,Kitsap,WA,NWS,NWD
53037,Kittitas,WA,NWS,NWD
53039,Klickitat,WA,NWS,NWD
53041,Lewis,WA,NWS,NWD
53043,Lincoln,WA,NWS,NWD
53045,Mason,WA,NWS,NWD
53047,Okanogan,WA,NWS,NWD
53049,Pacific,WA,NWS,NWD
53051,Pend Oreille,WA,NWS,NWD
53053,Pierce,WA,NWS,NWD
53055,San Juan,WA,NWS,NWD
53057,Skagit,WA,NWS,NWD
53059,Skamania,WA,NWS,NWD
53061,Snohomish,WA,NWS,NWD
53063,Spokane,WA,NWS,NWD
53065,Stevens,WA,NWS,NWD
53067,Thurston,WA,NWS,NWD
53069,Wahkiakum,WA,NWS,NWD
53071,Walla Walla,WA,NWS,NWD
53073,Whatcom,WA,NWS,NWD
53075,Whitman,WA,NWW,NWD
53077,Yakima,WA,NWS,NWD
54001,Barbour,WV,LRP,GLD
54003,Berkeley,WV,LRH,NAD
54005,Boone,WV,LRH,GLD
54007,Braxton,WV,LRP,GLD
54009,Brooke,WV,LRH,GLD
54011,Cabell,WV,LRH,GLD
54013,Calhoun,WV,LRP,GLD
54015,Clay,WV,LRH,GLD
54017,Doddridge,WV,LRP,GLD
54019,Fayette,WV,LRH,GLD
54021,Gilmer,WV,LRP,GLD
54023,Grant,WV,LRH,NAD
54025,Greenbrier,WV,LRH,GLD
54027,Hampshire,WV,LRH,NAD
54029,Hancock,WV,LRH,GLD
54031,Hardy,WV,LRH,NAD
54033,Harrison,WV,LRP,GLD
54035,Jackson,WV,LRH,GLD
54037,Jefferson,WV,LRH,NAD
54039,Kanawha,WV,LRH,GLD
54041,Lewis,WV,LRP,GLD
54043,Lincoln,WV,LRH,GLD
54045,Logan,WV,LRH,GLD
54047,McDowell,WV,LRH,GLD
54049,Marion,WV,LRP,GLD
54051,Marshall,WV,LRH,GLD
54053,Mason,WV,LRH,GLD
54055,Mercer,WV,LRH,GLD
54057,Mineral,WV,LRH,NAD
54059,Mingo,WV,LRH,GLD
54061,Monongalia,WV,LRP,GLD
54063,Monroe,WV,LRH,GLD
54065,Morgan,WV,LRH,NAD
54067,Nicholas,WV,LRH,GLD
54069,Ohio,WV,LRH,GLD
54071,Pendleton,WV,LRH,NAD
54073,Pleasants,WV,LRH,GLD
54075,Pocahontas,WV,LRH,GLD
54077,Preston,WV,LRH,GLD
54079,Putnam,WV,LRH,GLD
54081,Raleigh,WV,LRH,GLD
54083,Randolph,WV,LRH,GLD
54085,Ritchie,WV,LRP,GLD
54087,Roane,WV,LRH,GLD
54089,Summers,WV,LRH,GLD
54091,Taylor,WV,LRP,GLD
54093,Tucker,WV,LRH,GLD
54095,Tyler,WV,LRP,GLD
54097,Upshur,WV,LRP,GLD
54099,Wayne,WV,LRH,GLD
54101,Webster,WV,LRH,GLD
54103,Wetzel,WV,LRH,GLD
54105,Wirt,WV,LRH,GLD
54107,Wood,WV,LRH,GLD
54109,Wyoming,WV,LRH,GLD
55001,Adams,WI,MVP,MVD
55003,Ashland,WI,MVP,MVD
55005,Barron,WI,MVP,MVD
55007,Bayfield,WI,MVP,GLD
55009,Brown,WI,LRL,GLD
55011,Buffalo,WI,MVP,MVD
55013,Burnett,WI,MVP,MVD
55015,Calumet,WI,LRL,GLD
55017,Chippewa,WI,MVP,MVD
55019,Clark,WI,MVP,MVD
55021,Columbia,WI,MVR,MVD
55023,Crawford,WI,MVP,MVD
55025,Dane,WI,MVR,MVD
55027,Dodge,WI,MVR,MVD
55029,Door,WI,LRL,GLD
55031,Douglas,WI,MVP,MVD
55033,Dunn,WI,MVP,MVD
55035,Eau Claire,WI,MVP,MVD
55037,Florence,WI,LRL,GLD
55039,Fond du Lac,WI,LRL,GLD
55041,Forest,WI,LRL,GLD
55043,Grant,WI,MVP,MVD
55045,Green,WI,MVR,MVD
55047,Green Lake,WI,MVP,GLD
55049,Iowa,WI,MVP,MVD
55051,Iron,WI,MVP,MVD
55053,Jackson,WI,MVP,MVD
55055,Jefferson,WI,MVR,MVD
55057,Juneau,WI,MVP,MVD
55059,Kenosha,WI,MVR,MVD
55061,Kewaunee,WI,LRL,GLD
55063,La Crosse,WI,MVP,MVD
55065,Lafayette,WI,MVP,MVD
55067,Langlade,WI,LRL,MVD
55069,Lincoln,WI,MVP,MVD
55071,Manitowoc,WI,LRL,GLD
55073,Marathon,WI,MVP,MVD
55075,Marinette,WI,LRL,GLD
55077,Marquette,WI,MVP,GLD
55078,Menominee,WI,LRL,GLD
55079,Milwaukee,WI,MVR,GLD
55081,Monroe,WI,MVP,MVD
55083,Oconto,WI,LRL,GLD
55085,Oneida,WI,MVP,MVD
55087,Outagamie,WI,LRL,GLD
55089,Ozaukee,WI,MVR,GLD
55091,Pepin,WI,MVP,MVD
55093,Pierce,WI,MVP,MVD
55095,Polk,WI,MVP,MVD
55097,Portage,WI,MVP,MVD
55099,Price,WI,MVP,MVD
55101,Racine,WI,MVR,MVD
55103,Richland,WI,MVP,MVD
55105,Rock,WI,MVR,MVD
55107,Rusk,WI,MVP,MVD
55109,St. Croix,WI,MVP,MVD
55111,Sauk,WI,MVP,MVD
55113,Sawyer,WI,MVP,MVD
55115,Shawano,WI,LRL,GLD
55117,Sheboygan,WI,LRL,GLD
55119,Taylor,WI,MVP,MVD
55121,Trempealeau,WI,MVP,MVD
55123,Vernon,WI,MVP,MVD
55125,Vilas,WI,MVP,MVD
55127,Walworth,WI,MVR,MVD
55129,Washburn,WI,MVP,MVD
55131,Washington,WI,MVR,GLD
55133,Waukesha,WI,MVR,MVD
55135,Waupaca,WI,MVP,GLD
55137,Waushara,WI,MVP,GLD
55139,Winnebago,WI,LRL,GLD
55141,Wood,WI,MVP,MVD
56001,Albany,WY,NWO,NWD
56003,Big Horn,WY,NWO,NWD
56005,Campbell,WY,NWO,NWD
56007,Carbon,WY,NWO,NWD
56009,Converse,WY,NWO,NWD
56011,Crook,WY,NWO,NWD
56013,Fremont,WY,NWO,NWD
56015,Goshen,WY,NWO,NWD
56017,Hot Springs,WY,NWO,NWD
56019,Johnson,WY,NWO,NWD
56021,Laramie,WY,NWO,NWD
56023,Lincoln,WY,SPK,SPD
56025,Natrona,WY,NWO,NWD
56027,Niobrara,WY,NWO,NWD
56029,Park,WY,NWO,NWD
56031,Platte,WY,NWO,NWD
56033,Sheridan,WY,NWO,NWD
56035,Sublette,WY,SPK,SPD
56037,Sweetwater,WY,SPK,SPD
56039,Teton,WY,NWW,NWD
56041,Uinta,WY,SPK,SPD
56043,Washakie,WY,NWO,NWD
56045,Weston,WY,NWO,NWD
2010,Aleutians Islands,AK,POA,POD
2013,Aleutians West,AK,POA,POD
2016,Aleutians East,AK,POA,POD
2020,Anchorage,AK,POA,POD
2030,NA,AK,POA,POD
2040,NA,AK,POA,POD
2050,Bethel,AK,POA,POD
2060,Bristol Bay,AK,POA,POD
2063,Chugach,AK,POA,POD
2066,Copper River,AK,POA,POD
2068,Denali,AK,POA,POD
2070,Dilingham,AK,POA,POD
2080,NA,AK,POA,POD
2090,Fairbanks North Star,AK,POA,POD
2100,Haines,AK,POA,POD
2105,Hoonah-Agoon,AK,POA,POD
2110,Juneau,AK,POA,POD
2120,NA,AK,POA,POD
2122,Kenai Peninsula,AK,POA,POD
2130,Ketchikan Gateway,AK,POA,POD
2140,Kobuk,AK,POA,POD
2150,Kodiak Island,AK,POA,POD
2158,Kusilvak,AK,POA,POD
2160,NA,AK,POA,POD
2164,Lake and Peninsula,AK,POA,POD
2170,Matanuska-Susitna,AK,POA,POD
2180,Nome,AK,POA,POD
2185,North Slope,AK,POA,POD
2188,Northwest Arctic,AK,POA,POD
2190,NA,AK,POA,POD
2195,Petersburg,AK,POA,POD
2198,Prince of Wales-Hyder,AK,POA,POD
2200,NA,AK,POA,POD
2201,Prince of Wales-Outer Ketchikan,AK,POA,POD
2220,Sitka,AK,POA,POD
2230,Skagway,AK,POA,POD
2231,Skagway-Yakutat-Angoon,AK,POA,POD
2232,Skagway-Hoonah-Angoon,AK,POA,POD
2240,Southeast Fairbanks,AK,POA,POD
2250,NA,AK,POA,POD
2260,NA,AK,POA,POD
2261,Valdez-Corova,AK,POA,POD
2270,Wade Hampton,AK,POA,POD
2275,Wrangell,AK,POA,POD
2280,Wrangell-Petersburg,AK,POA,POD
2282,Yakutat,AK,POA,POD
2290,Yukon-Koyukuk,AK,POA,POD
15001,Hawaii,HI,POH,POD
15003,Honolulu,HI,POH,POD
15005,Kalawao,HI,POH,POD
15007,Kauai,HI,POH,POD
15009,Maui,HI,POH,POD
